id,title,skuid
1155192863,100ML - OLEO DE MOTOR,0ff96499-6b32-4121-a91c-3d94c68ddf96
1155192867,1L DE GASOLINA,dde488a8-6c13-446d-a679-e1f202210000
1155192872,1L DE OLEO,dde488a8-6c13-446d-a679-e1f202240083
1155192876,ABRACADEIRA DE ACO P,6380c42a-a31e-4390-abf3-79d5722ceb02
1155192880,ABRACADEIRA PARA MANGUEIRA DE FREIO,49ae513f-399b-4d1c-b745-6730b2abc490
1155192884,ADESIVO ESCAP MOTTU- 73X106.3MM,3ff9263b-f800-4db7-8e86-a02589b98399
1155192890,ADESIVO LARANJA DO FILTRO DE AR,a6f60f4c-6917-41e7-9f25-e408ded5289c
1155192896,ADESIVO LATERAL MOTTU/SPORT,1b691024-e7fe-40c3-bed2-bd544782c235
1155192902,ADESIVO LOGO MOTTU - 40X42.46MM,bf510545-3691-4688-a3e3-8e7ad7205852
1155192908,ADESIVO PRETO TANQUE LD (CONQUISTE),fd998b20-c23b-4abc-ad68-13adde35ba3d
1155192912,ADESIVO PRETO TANQUE LE (CONQUISTE),6c39e29e-ef58-4297-af5a-53337b731a5f
1155192917,ADESIVO TANQUE LD MOTTU- 197.34X550.7MM,f47bbc98-d8d1-47d4-8d3c-fac7a4c67ac9
1155192921,ADESIVO TANQUE LE MOTTU- 197.34X550.7MM,2c66e6f7-7c30-40dc-966c-134d0138afcc
1155192928,ADESIVO VERDE DO TANQUE DE COMBUSTIVEL,8cb799a6-dd06-48da-85ce-08266df7c9af
1155192933,AJUSTADOR DO TENSOR DA CORRENTE DE COMANDO DO MOTOR,13798e8a-38cd-4685-abb5-87390d4012d4
1155192939,AJUSTADOR DO TENSOR DA CORRENTE DE COMANDO DO MOTOR,6f697312-f316-4b38-8199-00fb7be18645
1155192945,ALAVANCA DE EMBREAGEM COM BASE,aabbe68c-adcf-4035-9714-6ceb0122525b
1155192952,ALCA DO GARUPA,dde488a8-6c13-446d-a679-e1f202220009
1155192958,AMORTECEDOR TRASEIRO,455d3fa5-06ce-47f6-9664-2d96269e4f8e
1155192963,ANEL DE RETENCAO,4b574351-75b1-4266-bc2c-7df60d2ce757
1155192968,ANEL DE VEDACAO DA TAMPA DO TANQUE 40X3,132d6873-e95b-4318-a3be-7a487824884a
1155192972,ANEL DE VEDACAO DE BORRACHA BICO DO INJETOR DE COMBUSTIVE,dde488a8-6c13-446d-a679-e1f202220030
1155192978,ANEL DE VEDACAO DE BORRACHA BOMBA DE COMBUSTIVEL,dde488a8-6c13-446d-a679-e1f202240069
1155192984,ANEL DE VEDACAO DE BORRACHA DA BOMBA DE OLEO,6d3df781-216d-4830-93c5-cc4bbfafd78e
1155192990,ANEL DE VEDACAO DE BORRACHA DA MANGUEIRA RADIADOR DE OLEO,dde488a8-6c13-446d-a679-e1f202220032
1155192996,ANEL DE VEDACAO DE BORRACHA DA TAMPA DE INSPECAO,dde488a8-6c13-446d-a679-e1f202220033
1155193002,ANEL DE VEDACAO DE BORRACHA DA TAMPA LATERAL DO CABECOTE,dde488a8-6c13-446d-a679-e1f202220034
1155193011,ANEL DE VEDACAO DE BORRACHA DO CORPO DE INJECAO 27.1X2.4,dde488a8-6c13-446d-a679-e1f202220036
1155193015,ANEL DE VEDACAO DE BORRACHA DO ESPACADOR DA RODA,dde488a8-6c13-446d-a679-e1f202220018
1155193019,ANEL DE VEDACAO DE BORRACHA DO FILTRO DE OLEO 29.5X3,dde488a8-6c13-446d-a679-e1f202220038
1155193022,ANEL DE VEDACAO DO OLEO 4.8X15X4.8,0f74b6c1-341d-4bda-b399-92064e7f5d76
1155193026,ANEL DE VEDACAO VARETA OLEO 4.8X15X4.8,0daf2d6e-a3f6-41c8-85ee-368689ec870e
1155193030,ANEL ELASTICO 12X1,dde488a8-6c13-446d-a679-e1f202220040
1155193035,ANEL PLASTICO FLAUTA,aefd2516-e0bb-4085-8f79-6bba56eef662
1155193039,ANEL SUPERIOR DO ROLAMENTO,dde488a8-6c13-446d-a679-e1f202220314
1155193046,ANEL TRAVA,dde488a8-6c13-446d-a679-e1f202240035
1155193051,ANEL TRAVA DO RETENTOR,24b76066-0b64-45ba-9d11-3ac4c104ad6c
1155193056,ANEL VEDACAO EIXO BRACO FREIO,46dbd775-c0d7-4eab-a24d-1a29faaa3eb2
1155193062,ANEL VEDACAO PORCA  SUSPENSAO DIA,dde488a8-6c13-446d-a679-e1f202240048
1155193070,ARGONIO INDUSTRIAL CARGA 6 M3,1b58d001-6ff2-41a1-ab7d-3b0a3f71b38f
1155193079,ARO TRASEIRO RADIAL,152db019-ccf7-41eb-af78-ad3795678258
1155193084,ARRUELA (ALUMINIO) 12X19X1.5 ZB,dde488a8-6c13-446d-a679-e1f202220025
1155193089,ARRUELA (COBRE) DO PARAFUSO DO CABECOTE M8X17X2.7,d9ee35be-c8f8-4745-8437-d8e870016c5e
1155193095,ARRUELA 12.5X17X1,bd546bbf-0bbe-42fb-a660-58e66c51c048
1155193102,ARRUELA 17X1.2N,dde488a8-6c13-446d-a679-e1f202220028
1155193109,ARRUELA 5.3x1.0x1.2 M5,837a8753-8a02-464f-919b-be07820256b9
1155193114,ARRUELA ACO SUPERIOR MESA,dde488a8-6c13-446d-a679-e1f202240040
1155193120,ARRUELA BANJO,a93de26a-99ca-4a28-875a-8e42be9d1b63
1155193127,ARRUELA CEMENTADA ESPECIAL B TRAVA DO ESPACADOR DA CARCACA DA BEM,015c9baf-58b0-41da-b912-436cc0b59a3f
1155193131,ARRUELA DA ENGRENAGEM DO VELOCIMETRO,36a62ecf-3c11-40e1-a8c7-03f1b4c8d1b8
1155193140,ARRUELA DA PORCA CASTELO,283cd746-01e8-4590-bc8f-b19b105aa23d
1155193145,ARRUELA DE ACO,e26da9bf-4b8d-461c-a166-8b91140eb496
1155193155,ARRUELA DE ACO 14.5X22X0.8 ZNB,671adc0e-9b16-40ea-9fb1-617ad3ae30da
1155193159,ARRUELA DE ACO 18.5x32x3.2,9151ff34-652f-4f7a-a837-3b6aeae825a5
1155193165,ARRUELA DE ACO 8.5X20.2 ZP,dde488a8-6c13-446d-a679-e1f202220041
1155193170,ARRUELA DE ACO A6.6 ZNB,3a4f90d7-f66b-4f08-aa21-ec52210449b5
1155193176,ARRUELA DE ACO DE PRESSAO M8X14X2 ZB,905d46c1-2bae-40c6-b69a-9ff3bd77613e
1155193183,ARRUELA DE ACO DO TAMBOR SELETOR DE MARCHA 6.2X17X2,dde488a8-6c13-446d-a679-e1f202220043
1155193191,ARRUELA DE BORRACHA (SUPORTE DE CELULAR),72e6cd4a-7965-467d-939d-59f27f569564
1155193194,ARRUELA DE BORRACHA INFERIOR GUIDAO,2b5498a9-7b4c-4f28-b6b0-993f9e1ed335
1155193198,ARRUELA DE BORRACHA SUPERIOR GUIDAO,55a0312a-6cd8-433a-a99e-26f2ba9db579
1155193200,ARRUELA DE MOLA FIXACAO DO MOTOR / PISCA M10,dde488a8-6c13-446d-a679-e1f202240082
1155193204,ARRUELA DO EIXO GARFO TRASEIRO ,dde488a8-6c13-446d-a679-e1f202240066
1155193209,ARRUELA DO PARAFUSO ESCAPAMENTO ACO 8.5X25X2 ZP,4bc9c551-2788-4d39-b086-13a2e7c363ca
1155193213,ARRUELA DO PROTETOR ESCAPAMENTO 6.5X16.0X1.2 ZNB,a7876191-1004-498d-8517-3b41cdf8366b
1155193217,ARRUELA DO TENSOR DA CORRENTE,dde488a8-6c13-446d-a679-e1f202220044
1155193223,ARRUELA ENCOSTO PEDAL FREIO / PEDAL DE APOIO 15.5X26X2.3 ,dde488a8-6c13-446d-a679-e1f202240062
1155193226,ARRUELA ENCOSTOGUIA EIXO PEDAL PARTIDA,fdb1a7ab-a60d-481a-8510-df910abd7c67
1155193233,ARRUELA ESPECIAL A DO ESPCADOR DA CARCACA DA EMBREAGEM,dde488a8-6c13-446d-a679-e1f202220046
1155193240,ARRUELA ESPECIAL B TRAVA DO ESPACADOR DA CARCACA DA EMBREAGEM,dde488a8-6c13-446d-a679-e1f202220047
1155193246,ARRUELA EXTERNA PORCA DO EIXO TRASEIRO,5eb8c38d-066b-4c23-845e-7be0473cc2f8
1155193251,ARRUELA INFERIOR DO AMORTECEDOR DIANTEIRO,dde488a8-6c13-446d-a679-e1f202220049
1155193258,ARRUELA INFERIOR DO SUPORTE DO GUIDAO 10.3,dde488a8-6c13-446d-a679-e1f202240013
1155193268,ARRUELA LISA DE ACO 17.1X21X1,dde488a8-6c13-446d-a679-e1f202220050
1155193274,ARRUELA LISA DE ACO 17X24X0.5,dde488a8-6c13-446d-a679-e1f202220056
1155193284,ARRUELA LISA DE ACO 20.5X25.5X1.5,dde488a8-6c13-446d-a679-e1f202220064
1155193289,ARRUELA LISA DE ACO 5.7X10X0.4,dde488a8-6c13-446d-a679-e1f202220065
1155193296,ARRUELA LISA DE ACO DO CABECOTE DO MOTOR,df2812b3-e169-43fe-baf0-390b6330d4a8
1155193305,ARRUELA LISA ENCOSTO QUARTA ENGRE EIXO SEGUNDARIO 12.7X22X1,e7e0863e-a32d-4c5a-a3ae-89cad9571a07
1155193312,ARRUELA MAIOR EIXO GARFO TRASEIRO,b437b58c-9d91-470e-9c12-8895e3dbba2e
1155193316,ARRUELA PARAFUSO BRACO FREIO TRASEIRO,dde488a8-6c13-446d-a679-e1f202240065
1155193325,ARRUELA PARTIDA,8ccc374a-e5e7-422d-9f13-6c5998b42cc4
1155193331,ARRUELA PEDAL APOIO GARUPA,dde488a8-6c13-446d-a679-e1f202240055
1155193339,ARRUELA PEQUENA ,dde488a8-6c13-446d-a679-e1f202240079
1155193345,ARRUELA PERFURADA 14.5X22X1.6,dde488a8-6c13-446d-a679-e1f202240061
1155193352,ARRUELA PERFURADA 5.5X12X1,dde488a8-6c13-446d-a679-e1f202240063
1155193360,ARRUELA PERFURADA 6.4X18X1.5,dde488a8-6c13-446d-a679-e1f202240064
1155193366,ARRUELA PERFURADA 6.5X11X1.6,2d44ff95-2605-4d1d-abf8-9893152fbd2f
1155193371,ARRUELA PERFURADA 85X16X1.2,dde488a8-6c13-446d-a679-e1f202240271
1155193379,ARRUELA PERFURADA DA FRENTE DO CHASSI,dde488a8-6c13-446d-a679-e1f202240056
1155193387,ARRUELA PERFURADA DO FAROL / RODA DIANTEIRA / PISCA 125X22X2.3,dde488a8-6c13-446d-a679-e1f202240060
1155193391,ARRUELA PERFURADA SUPORTE PLACA / CAPA DA CORRENTE,dde488a8-6c13-446d-a679-e1f202240270
1155193396,ARRUELA SUPERIOR AMORTECEDOR TRASEIRO,dde488a8-6c13-446d-a679-e1f202240058
1155193401,ARTICULACAO PEDAL PARTIDA,d0db91bd-724a-4a87-bb0b-d5091a2d1a0c
1155193404,ARVORE DO COMANDO DE VALVULAS,21418c47-afae-4117-94a0-474311bcd6ea
1155193409,ARVORE DO COMANDO DE VALVULAS,8eb44dda-3c44-40e4-aca5-f80254edf49a
1155193414,ARVORE PRIMARIA DA TRANSMISSAO,dde488a8-6c13-446d-a679-e1f202220067
1155193420,ARVORE SECUNDARIA DA TRANSMISSAO,dde488a8-6c13-446d-a679-e1f202220068
1155193427,ASSENTO - BANCO COMPLETO,73b5d565-73c3-419d-865b-21be7b03c474
1155193433,ASSENTO DE ACO DA MOLA DA VALVULA,dde488a8-6c13-446d-a679-e1f202220072
1155193448,ATIVADOR DO SENSOR DE CARENAGEM (IMA SEM FIO),586f802c-c023-455c-9892-0e61ef3bbbf9
1155193454,ATIVADOR REPARO PNEU,8665ea92-79ae-40ef-879b-b40860ba68e2
1155193459,BACIA DE FREIO COM BASE,692c876a-ceba-4a4a-8092-163e1aadacdf
1155193464,BALANCIM DE ACO DO COMANDO DE VALVULA DO MOTOR,dde488a8-6c13-446d-a679-e1f202220074
1155193470,BAQUELITE (JUNCAO DO CORPO DA INJECAO),dde488a8-6c13-446d-a679-e1f202220226
1155193474,BARRIL DE OLEO - 200L,fe6fb4ff-3ce6-47b9-bdab-d556b8b53230
1155193480,BASE DO ASSENTO PLASTICO PRETO,ceaaf139-262c-49b1-b9fc-501d7cf0b291
1155193486,BATERIA,dde488a8-6c13-446d-a679-e1f202210040
1155193492,BENGALA DIREITA,df52f432-3910-47ab-9e6c-5d8e3733b2d8
1155193497,BENGALA DIREITA,6d40fb39-702c-4ab5-a102-5239e57ef3f6
1155193503,BENGALA ESQUERDA,dde488a8-6c13-446d-a679-e1f202220029
1155193509,BENGALA ESQUERDA,c4377a3f-193b-4901-8409-38af682ed1fa
1155193516,BICO INJETOR,dde488a8-6c13-446d-a679-e1f202220224
1155193523,BICO VALVULA DE AR RODA,dde488a8-6c13-446d-a679-e1f202240298
1155193527,BISNAGA 200ML - PARA LUBRIFICANTE DE CORRENTE,6f4f2100-261a-4c43-8eb1-3150a84e5eef
1155193534,BLINDAGEM DO CHASSI,08ae8cac-6e62-4dd1-bec0-7579c7a415f0
1155193539,BLINDAGEM LATERAL DA BATERIA,80a6f502-9998-4029-a244-aa0af7ab3d1b
1155193545,BLOCO DO CILINDRO,cb8811e8-3c54-4f3f-a096-c8c250c34efc
1155193550,BOBINA DE IGNICAO,dde488a8-6c13-446d-a679-e1f202220075
1155193556,BOIA DE COMBUSTIVEL E SENSOR,dde488a8-6c13-446d-a679-e1f202220242
1155193561,BOMBA DE COMBUSTIVEL,ea896dff-cb01-408f-9f05-181655350b42
1155193567,BOMBA DE OLEO,dde488a8-6c13-446d-a679-e1f202220078
1155193573,BORRACHA DE VEDACAO DA VELA,c5572391-6619-4d75-8170-d0f7e67f57f9
1155193577,BORRACHA DO ESTRIBO,dde488a8-6c13-446d-a679-e1f202220058
1155193582,BORRACHA PEDAL APOIO GARUPA,3d28a6a1-209c-420a-90b3-6a19290c9f3b
1155193590,BORRACHA PEDAL CAMBIO,d13507b6-b37a-4e4c-820c-c9d41a17b425
1155193596,BORRACHA PEDAL PARTIDA,dde488a8-6c13-446d-a679-e1f202240068
1155193601,BRACADEIRA DE ACO DA MANGUEIRA DE VACUO,dde488a8-6c13-446d-a679-e1f202220079
1155193606,BRACADEIRA DE ACO DA MANGUEIRA DO CANISTER,dde488a8-6c13-446d-a679-e1f202220082
1155193609,BRACADEIRA DE ACO DA MANGUEIRA NP. 090,dde488a8-6c13-446d-a679-e1f202220061
1155193612,BRACADEIRA DE FIXACAO DO FILTRO DE AR,4a07866c-cfe4-46c0-b714-4931f6f235c9
1155193618,BRACADEIRA DE PLASTICO DO CABO DO COMANDO DO GUIDAO,dde488a8-6c13-446d-a679-e1f202220084
1155193624,BRACADEIRA DE PLASTICO DO CHICOTE PRINCIPAL,dde488a8-6c13-446d-a679-e1f202240025
1155193630,BRACADEIRA MAIOR PRESILHA COLETOR AR,26f4926b-77fd-4a25-a213-74d3d2bb3205
1155193636,BRACADEIRA PARA MANGUEIRA DE FREIO,1541bce5-aa70-45e0-ac45-dc49b3ab7f62
1155193644,BRACO DO FREIO DIANTEIRO,dde488a8-6c13-446d-a679-e1f202220239
1155193649,BRACO DO FREIO TRASEIRO,dde488a8-6c13-446d-a679-e1f202240046
1155193655,BRACO FIXO DO CONTRA CHOC,dde488a8-6c13-446d-a679-e1f202240075
1155193660,BROCA ACO RAPIDO 2.5MM,a98b1908-2399-4ad2-8aba-9e4dadb9b965
1155193665,BUCHA DA ARVORE SECUNDARIA,dde488a8-6c13-446d-a679-e1f202220085
1155193673,BUCHA DA ENGRENAGEM,dde488a8-6c13-446d-a679-e1f202220089
1155193680,BUCHA DE ACO DO ROLAMENTO DA CARCACA DO MOTOR,ef39caf5-096d-45d9-9d0a-97dba918ea59
1155193684,BUCHA DE ARRUELA ZNK,4a567416-46ee-4114-9759-aff01e50906b
1155193691,BUCHA DO GARFO DA SUSPENSAO TRASEIRA,03ccd02d-ff9c-4ab2-8017-12ae2d5ac40a
1155193697,BUCHA DO ROLAMENTO 12X15X10,74d9e29c-a1dc-4fbb-852c-a31af21e4340
1155193702,BUCHA FIXACAO CARENAGEM LATERAL / LANTERNA TRASEIRA,349d6ab0-a684-48ec-9f4f-4219e7c4ad30
1155193705,BUCHA GUIA ACIONAMENTO FREIO DIANTEIRO,dde488a8-6c13-446d-a679-e1f202240052
1155193710,BUCHA GUIA CONTRA CHOC,7e1f8020-fc5c-4b18-a121-7ca4f62d2b42
1155193717,BUZINA,fc77e5bf-fa15-4f2d-8252-40daf39b606e
1155193724,CABECOTE DE ALUMINIO DO MOTOR,f66b697d-17af-4427-8e4a-18368d7953ff
1155193732,CABECOTE MONTADO,dde488a8-6c13-446d-a679-e1f202240181
1155193740,CABO DA EMBREAGEM,dde488a8-6c13-446d-a679-e1f202220105
1155193748,CABO DE ACO DO ACELERADOR,dde488a8-6c13-446d-a679-e1f202220108
1155193754,CABO DE ACO DO ASSENTO,b33978d9-5f08-460e-aef4-8544dd28f88d
1155193760,CABO DE VELA 21CM,c986b5d0-4b89-4228-89ab-0f8b64e833bd
1155193766,CABO DE VELA ROLO 10 METROS,c73dd835-b3ab-4dcf-8549-32c227d9081d
1155193771,CABO DE VELOCIMETRO,ecb4099a-83ea-4ea3-b9e3-5670534a8d83
1155193776,CABO DO FREIO CBS,2d76ffc3-19d0-45c4-9490-cec8dd3fe5e9
1155193780,CABO DO FREIO DIANTEIRO,dde488a8-6c13-446d-a679-e1f202220107
1155193786,CACHIMBO DE VELA,3273f2f2-bcb7-438c-b743-55b98f9e0ea7
1155193791,CAIXA DE AR COMPLETA,bb43e8ca-921c-497b-8738-c394b8c250e9
1155193799,CAIXA DE DIRECAO,b7daaf5c-027d-498d-aae5-43d2a48aaeb5
1155193807,CAIXA DE ENGRENAGEM DO VELOCIMETRO,47c1aa87-fb28-4964-9294-4939491850af
1155193813,CAIXA DE PLASTICO DA BATERIA,4b2f2624-6bfa-4a1a-887b-ef2077706092
1155193818,CAIXA DO FILTRO DE AR COMPLETA,c8d5c0e6-1ab4-4916-90f9-0809e8ebaa8c
1155193824,CALCO DE AJUSTE,dde488a8-6c13-446d-a679-e1f202220113
1155193830,CAME DO FREIO DIANTEIRO,dde488a8-6c13-446d-a679-e1f202220118
1155193837,CAME DO FREIO TRASEIRO,f04620c0-98d5-4d68-9d14-99427e866997
1155193844,CAMPANA DA EMBREAGEM,ad4ad5af-9a75-4499-a609-4439673c5a18
1155193854,CANISTER RESERVATORIO PARA VAPOR DE COMBUSTIVEL,dde488a8-6c13-446d-a679-e1f202220121
1155193862,CAPA DA CORRENTE DE TRANSMISSAO,33784949-a8d3-49c7-ac2f-df23216e5074
1155193866,CAPA DE PLASTICO DA TRAVA DA MESA DO GUIDAO,dde488a8-6c13-446d-a679-e1f202220122
1155193873,CAPA DO BANCO,8dd1b578-cff7-40dc-b8ee-3cf63a02f143
1155193878,CAPA INFERIOR DA CORRENTE DE TRANSMISSAO,87a842ba-d65b-4b39-b920-a254eb869284
1155193884,CAPA PLASTICA DIANTEIRA DO MOTOR,1a7e87c9-7ba7-4b62-9b9a-eefcec2acca4
1155193892,CAPA PROTETORA DE POEIRA,dde488a8-6c13-446d-a679-e1f202220125
1155193899,CAPA PROTETORA DO RELE,dde488a8-6c13-446d-a679-e1f202220126
1155193904,CARCACA DO MOTOR LD,dde488a8-6c13-446d-a679-e1f202240029
1155193908,CARCACA DO MOTOR LE ,dde488a8-6c13-446d-a679-e1f202240028
1155193914,CARENAGEM DE PLASTICO DO FAROL PRETO,8bf9180d-4bd6-4e76-9179-654cc2b1dbe9
1155193921,CARENAGEM FRONTAL INTERNA DO FAROL,cbcefc9a-1645-4144-929b-a981782afdc8
1155193926,CARENAGEM LATERAL EXTERNA DIREITA,dde488a8-6c13-446d-a679-e1f202220131
1155193932,CARENAGEM LATERAL EXTERNA ESQUERDA,0daf37cb-4152-444a-af70-3603e01c75f8
1155193940,CARENAGEM LATERAL INTERNA DIREITA,b12d34b6-7a63-4ff2-bc75-273ef28e9db2
1155193947,CARENAGEM LATERAL INTERNA ESQUERDA,dde488a8-6c13-446d-a679-e1f202220128
1155193953,CARREGADOR DE CELULAR,00b5f4f6-3ee8-470d-9197-af5f010d485b
1155193958,CARTER DIREITO,4acbd3ef-5aeb-4183-ad53-211bbc03d9ee
1155193962,CASE DA CAIXA DE AR,4578aa0f-d1dd-4d03-8b96-c0e70043f93b
1155193967,CAVALETE LATERAL,dde488a8-6c13-446d-a679-e1f202220132
1155193972,CHAPINHA ANTI GRAU,dde488a8-6c13-446d-a679-e1f202240122
1155193977,CHASSI DE ACO PRINCIPAL PRETO,dde488a8-6c13-446d-a679-e1f202220133
1155193980,CHAVE CASTELO PORCA EMBREAGEM SPORT,41d02658-ce80-4e6c-9d81-197f8a8415aa
1155193984,CHAVE DO TANQUE - AL,ca4fddf5-1219-46b9-810e-c641c9807766
1155193988,CHAVE IGNICAO SPORT (CONTATO),4ddbe3f9-6554-428f-912f-f9d0f4d773a0
1155193993,CHAVE MOTTU SPORT - 4001,f2d2cd6b-0d4f-41a4-8222-944386aded4e
1155193998,CHAVE MOTTU SPORT - 4002,9b8c631d-dccf-4964-900a-3f9464004d0d
1155194005,CHAVE MOTTU SPORT - 4003,033157b0-5c32-410f-9f14-4913b8143096
1155194010,CHAVE MOTTU SPORT - 4004,a1add103-a02a-466d-a99d-32e435616653
1155194015,CHAVE MOTTU SPORT - 4005,1b3f2d01-a2fd-4635-add8-62fca0e43a67
1155194020,CHAVE MOTTU SPORT - 4006,333c9827-1191-475e-96b1-b0230593c0b1
1155194028,CHAVE MOTTU SPORT - 4007,a36aa1fa-560f-4da3-a887-797f96852fa7
1155194032,CHAVE MOTTU SPORT - 4008,18bbbc52-511d-4e58-ad03-b81532cc5454
1155194037,CHAVE MOTTU SPORT - 4009,a77b92fe-f49c-4ab1-aa8e-8fca50010f5e
1155194040,CHAVE MOTTU SPORT - 4010,2263c692-296c-4640-81a0-5bf7f1eb15a4
1155194046,CHAVE MOTTU SPORT - 4011,ec6e5666-5f74-49e5-a698-e00d5d1e2674
1155194052,CHAVE MOTTU SPORT - 4012,15f5ef47-3a6a-4e78-ac44-3c65637e10a5
1155194059,CHAVE MOTTU SPORT - 4013,9fc006e6-f268-4b51-b3db-52c61d2fb9df
1155194064,CHAVE MOTTU SPORT - 4014,866354e0-3f2b-47f0-8a48-4da53f0b5803
1155194071,CHAVE MOTTU SPORT - 4015,72565f1b-fe53-4be1-a49c-02c24bfa3322
1155194075,CHAVE MOTTU SPORT - 4016,b05eff55-47a5-4db1-84dd-860cce6f8257
1155194080,CHAVE MOTTU SPORT - 4017,331e0982-581e-44f4-9cea-6ad01af0c740
1155194084,CHAVE MOTTU SPORT - 4018,3f78fbfe-b485-4031-adf7-64093da762a0
1155194089,CHAVE MOTTU SPORT - 4019,e52409b3-8126-4fb4-acf9-feaf80b18094
1155194094,CHAVE MOTTU SPORT - 4020,5ca355fe-6e1a-4391-97ab-ebfc451dff3d
1155194099,CHAVE MOTTU SPORT - 4021,ca11199e-bfa6-4c90-88f4-11ddfc65ab8f
1155194103,CHAVE MOTTU SPORT - 4022,2edd3801-eb7f-42fc-99cb-a92f3c42679d
1155194110,CHAVE MOTTU SPORT - 4023,040e5e00-fa20-4a23-ba57-cee9b5ac3145
1155194115,CHAVE MOTTU SPORT - 4024,b7abd864-e748-43b8-b466-22d479d4cb84
1155194119,CHAVE MOTTU SPORT - 4025,0df51c94-814a-4eaf-a82d-5b25147a5e8d
1155194123,CHAVE MOTTU SPORT - 4026,4726fe84-0aad-43c7-afab-57529722095b
1155194125,CHAVE MOTTU SPORT - 4027,beb31b82-8fef-48b9-b3e3-87b9d25e5500
1155194130,CHAVE MOTTU SPORT - 4028,df313662-cdc6-4c47-89f8-991588d62a9b
1155194134,CHAVE MOTTU SPORT - 4029,ba282598-fac2-43e1-9a7e-6ad5e00f779a
1155194138,CHAVE MOTTU SPORT - 4030,5e46f1e4-b7cb-4675-bfbc-5de03a67cf5d
1155194142,CHAVE MOTTU SPORT - 4031,87151152-3d04-4037-8e75-d98583bab7f2
1155194150,CHAVE MOTTU SPORT - 4032,32b14ce0-024e-45cf-9f76-efe713f8c619
1155194156,CHAVE MOTTU SPORT - 4033,06e412ef-ff9f-4b2c-8d5c-81f6ab3b08c5
1155194164,CHAVE MOTTU SPORT - 4034,3b552225-2b93-425e-9294-31cdbdb0c832
1155194174,CHAVE MOTTU SPORT - 4035,b064babb-2cb9-4b5e-a09c-80770e30cccf
1155194182,CHAVE MOTTU SPORT - 4036,f39c3d8f-13bf-43dd-b8ac-5c027ffa8fc0
1155194192,CHAVE MOTTU SPORT - 4037,98b34ef5-4ab2-401a-8021-c55feaad2fbe
1155194197,CHAVE MOTTU SPORT - 4038,1aedb576-e1cf-4c0c-be60-c6b2469a74ca
1155194203,CHAVE MOTTU SPORT - 4039,1ade1e51-b6b0-4790-93f2-e0beb5d8d6be
1155194209,CHAVE MOTTU SPORT - 4040,308ebda6-53ff-4632-a8e8-0e1409b6bdd4
1155194215,CHAVE MOTTU SPORT - AL,4c60ba88-4ba7-4b3d-ac4f-7b29780d7c36
1155194221,CHAVE VIRGEM IGNICAO SPORT,dde488a8-6c13-446d-a679-e1f202220103
1155194225,CHAVETA DIREITA DO VIRABREQUIM,3e79b778-e3e1-40fd-ae9b-d504ffe42fdb
1155194231,CHAVETA MEIA LUA BIELA ESQUERDO,e6de4e5e-d17a-49b4-8f62-1b3dc005e060
1155194235,CHICOTE BOMBA DE COMBUSTIVEL T=12V,b7e07c21-cbb2-456a-895d-5ea9fa1ceb23
1155194239,CHICOTE DA BOBINA,84d3b646-7253-4502-822f-f4b470563fc6
1155194243,CHICOTE ELETRICO -- SPORT SPORT ES,a10de564-4242-41a9-b20d-40eb3ef13642
1155194246,CHICOTE LANTERNA TRASEIRO,854c54e0-edb4-4ccc-b659-6891ad068844
1155194251,CHICOTE PAINEL DE INSTRUMENTOS,6b3c70bc-979e-4995-9614-7c864a7abd3c
1155194256,CHICOTE PRINCIPAL COMPLETO,dde488a8-6c13-446d-a679-e1f202220111
1155194261,CHICOTE PRINCIPAL COMPLETO,5f1add30-b634-4193-86e6-13256ba5f641
1155194266,CHIP DA VIVO,dde488a8-6c13-446d-a679-e1f202240089
1155194272,CILINDRO BENGALA INTERNO SUSPENSAO DIANTEIRO,237c63bf-0c9b-476a-844f-9d4db776925d
1155194277,CILINDRO EXTERNO DA BENGALA DIREITA,1ac0c836-c0f6-42ff-bda3-9434915201db
1155194282,CILINDRO EXTERNO DA BENGALA ESQUERDA,8a11d24c-66f8-46be-b7eb-ec3a35e1aa09
1155194286,CINTA DE FIXACAO DE BORRACHA DO CANISTER,9ccec862-4889-43ce-9cb7-8996280c52dd
1155194293,CLIP CABO VELOCIMETRO,7f8b82be-7eb9-4ff6-a4f9-df3bb118f3c0
1155194297,CLIP DE ACO DA MANGUEIRA,031c421e-3337-4239-a37e-4ce5ec370cb6
1155194301,CLIPE DE ACO,dde488a8-6c13-446d-a679-e1f202220164
1155194306,COLA (SUPER BONDER),079a5618-c581-4bbf-af78-9d41bc7bc35b
1155194311,COLA DE MOTOR,390e141e-f97f-4d02-8139-00d2b4b3cf45
1155194316,COLA PARA REPARO DE PNEU,51cd19b9-8382-4cfa-b7a9-7d4b74a34091
1155194321,COLA VULK,6d534b91-4e20-4890-afd4-de8749e44edc
1155194325,COLETOR BORRACHA FILTRO DE AR EFII,51490a92-f5c3-4c22-b64c-7b5a708b037d
1155194330,COLETOR DE ADMISSAO DO MOTOR,a2ba6433-2d86-4eb7-b9f4-bcceb4408a83
1155194334,COLETOR DE ADMISSAO DO MOTOR,dde488a8-6c13-446d-a679-e1f202240054
1155194339,COLUNA DE DIRECAO,39a8eb85-17c0-44f5-aee7-314626859486
1155194342,COLUNA DE DIRECAO,dde488a8-6c13-446d-a679-e1f202240077
1155194349,COLUNA DE DIRECAO COMPLETA,8a8b41af-ea3c-4b6b-b153-4b2b0e1cbd92
1155194356,COMPLEMENTO DO PARA-LAMA TRASEIRO DE PLASTICO,dde488a8-6c13-446d-a679-e1f202220138
1155194364,CONDUTOR DE AR QUADRADO,7659bfdd-8f58-416c-ab81-4a5a766156aa
1155194371,CONJUNTO DA ALAVANCA DO CILINDRO MESTRE DIANTEIRO,4d61f72f-be0b-4b12-8633-de44f7d1a7fd
1155194377,CONJUNTO DA PINCA - 27 X 2 - APACHE,ec03dd94-cd2d-4074-9114-59157362af49
1155194382,CONJUNTO DE BLOQUEIO (COMPLETO),5e303530-b111-4727-9878-cd63e8b23c31
1155194387,CONJUNTO DE CHAVE,c66774ff-bc89-450a-88ef-1e4e7b64b6f0
1155194392,CONJUNTO DE CHAVE - AL,9699f694-161f-4010-920a-f4ff461956be
1155194397,CONJUNTO DE CHAVE COD 4001,f6873f4d-d5ff-4cda-a7a7-13653c14ffff
1155194403,CONJUNTO DE CHAVE COD 4002,286d0b05-626c-45f2-a93a-a68d0f62d6ff
1155194412,CONJUNTO DE CHAVE COD 4003,d05988e8-19be-4b93-8b67-a6c787095e90
1155194421,CONJUNTO DE CHAVE COD 4004,f699d3d4-0264-4019-ace2-8f681a2af4cc
1155194427,CONJUNTO DE CHAVE COD 4005,30257dbd-5747-43f0-8bae-6cf531095604
1155194436,CONJUNTO DE CHAVE COD 4006,8b50f324-d6af-4be5-b9bc-0bf0ba5d5f1f
1155194442,CONJUNTO DE CHAVE COD 4007,43e702a5-35aa-441a-812e-8e8e540124cc
1155194448,CONJUNTO DE CHAVE COD 4008,9eac51ef-89be-4836-baa7-dcd363abc518
1155194453,CONJUNTO DE CHAVE COD 4009,be33eb3c-3da7-42a7-bd5d-e12be0d6e1ec
1155194463,CONJUNTO DE CHAVE COD 4010,75272861-4f4e-44e3-8e02-1f16a6b7c566
1155194472,CONJUNTO DE CHAVE COD 4011,40b3a1c7-658c-4a72-9b9d-7dbb5fad7b64
1155194477,CONJUNTO DE CHAVE COD 4012,280d5647-08d2-44cb-a26a-f4efcae1774f
1155194482,CONJUNTO DE CHAVE COD 4013,46d481fd-5ae3-49f4-a427-8b6993b93941
1155194487,CONJUNTO DE CHAVE COD 4014,a2567572-e7d4-4fc7-b069-0b6b2fbcc05d
1155194492,CONJUNTO DE CHAVE COD 4015,b1023eaf-b135-41f1-a89f-2cc282328e48
1155194497,CONJUNTO DE CHAVE COD 4016,cdd55ac5-b56e-4148-95ed-365431652dd1
1155194501,CONJUNTO DE CHAVE COD 4017,30e969e2-a570-44ef-8f8a-ee21b5d91ebd
1155194506,CONJUNTO DE CHAVE COD 4018,2699d283-30fd-401e-9e72-10de499f2935
1155194510,CONJUNTO DE CHAVE COD 4019,c40eb23a-314a-47dc-b53b-4274e489cddf
1155194516,CONJUNTO DE CHAVE COD 4020,37abc021-e440-4411-aaf8-01069f32ae5e
1155194522,CONJUNTO DE CHAVE COD 4021,01531560-07e0-405b-a559-f4106396b414
1155194529,CONJUNTO DE CHAVE COD 4022,9ed283d9-44b4-4dfa-b0c5-438539f9fcf2
1155194535,CONJUNTO DE CHAVE COD 4023,18ee1690-20f1-4159-a715-c7f8a0c0f8f8
1155194542,CONJUNTO DE CHAVE COD 4024,da1c1cae-2b45-42cd-94f6-4b03ea62e306
1155194546,CONJUNTO DE CHAVE COD 4025,4210f3a6-4ce6-402c-92e2-c3feded392d5
1155194551,CONJUNTO DE CHAVE COD 4026,ca67d6be-b44a-4ee1-bf6c-dd11efbe2660
1155194557,CONJUNTO DE CHAVE COD 4027,efe5133f-2c29-4e7b-9a09-99271558d3f3
1155194562,CONJUNTO DE CHAVE COD 4028,8a73f675-e9ff-454f-8524-667db7b788b6
1155194568,CONJUNTO DE CHAVE COD 4029,f5c22f03-c2e8-49c0-9d2e-7514fb086118
1155194574,CONJUNTO DE CHAVE COD 4030,0ddba30c-8802-4631-8e81-ae20fcb09ccb
1155194581,CONJUNTO DE CHAVE COD 4031,2c17a702-170c-457f-8136-53afd0be196b
1155194586,CONJUNTO DE CHAVE COD 4032,3333f13d-324a-4a11-b2ac-d67379e965c9
1155194592,CONJUNTO DE CHAVE COD 4033,d49266d5-d942-4f85-84a4-3ee70adc058f
1155194598,CONJUNTO DE CHAVE COD 4034,c3f4f09c-b9d2-4f5f-9819-b72ffc127b41
1155194603,CONJUNTO DE CHAVE COD 4035,c7f145fc-cd6b-484a-9c84-95cdaab02b7c
1155194608,CONJUNTO DE CHAVE COD 4036,719efe40-4d79-4ee0-b572-825d732154a3
1155194614,CONJUNTO DE CHAVE COD 4037,d58b7038-9234-4bb3-93b3-7576bbe5b5ce
1155194618,CONJUNTO DE CHAVE COD 4038,d07ac8c3-abe8-4268-9695-9f6401a3c24f
1155194625,CONJUNTO DE CHAVE COD 4039,61dac3cc-4df4-449d-b6e8-864ee5440016
1155194632,CONJUNTO DE CHAVE COD 4040,b7674838-c6a4-4b98-ae28-ab2e19c39bef
1155194639,CONJUNTO DISCOS DA EMBREAGEM (COM 4 UNIDADES),dde488a8-6c13-446d-a679-e1f202210150
1155194643,CONJUNTO DISCOS DA EMBREAGEM (COM 4 UNIDADES),dde488a8-6c13-446d-a679-e1f202220166
1155194649,CONJUNTO DO CABO DO FREIO DIANTEIRO,ac9e9684-3ac4-4c01-be3e-01c754483418
1155194653,CONJUNTO DO CILINDRO MESTRE DIANTEIRO,47176316-9745-46ca-a5a0-4518c704d8fc
1155194658,CONJUNTO IGNICAO (CONTATO E CHAVE) - 4001,c682d9bb-4177-4805-9cd5-54ecab0a3703
1155194661,CONJUNTO IGNICAO (CONTATO E CHAVE) - 4002,3bea3edf-b175-4dfc-9b1e-2374a77896cb
1155194666,CONJUNTO IGNICAO (CONTATO E CHAVE) - 4003,1dcf5d2b-f46f-4324-aa51-b19c87f6968a
1155194668,CONJUNTO IGNICAO (CONTATO E CHAVE) - 4004,b9605bd4-54ca-4748-801f-1d2c6d2797ca
1155194672,CONJUNTO IGNICAO (CONTATO E CHAVE) - 4005,77de7928-66ee-4340-b2f1-6585edc7bf59
1155194678,CONJUNTO IGNICAO (CONTATO E CHAVE) - 4006,712e8128-f318-4be7-8a23-4d6ce85a2d15
1155194683,CONJUNTO IGNICAO (CONTATO E CHAVE) - 4007,102beb55-22da-4a32-a1a6-41823a2c37f1
1155194687,CONJUNTO IGNICAO (CONTATO E CHAVE) - 4008,1a787b2b-896b-47fe-bfc9-7dc046ec2b8f
1155194689,CONJUNTO IGNICAO (CONTATO E CHAVE) - 4009,37b94240-ec82-4a2a-8d45-980f46b4d2f5
1155194693,CONJUNTO IGNICAO (CONTATO E CHAVE) - 4010,836475cc-f16b-4170-b9f0-e2f429cd5186
1155194698,CONJUNTO IGNICAO (CONTATO E CHAVE) - 4011,7dc47de1-c060-47e2-8590-9f9812a1ea7e
1155194708,CONJUNTO IGNICAO (CONTATO E CHAVE) - 4012,bf2e5f08-9569-4c47-8564-95a12a526136
1155194713,CONJUNTO IGNICAO (CONTATO E CHAVE) - 4013,32877bd4-cd14-46bd-b0bb-c2ec5a554bc9
1155194718,CONJUNTO IGNICAO (CONTATO E CHAVE) - 4014,126283d4-c723-4df9-9ae3-f824e70eb2f5
1155194726,CONJUNTO IGNICAO (CONTATO E CHAVE) - 4015,a2ff2bd5-69db-4624-aee8-2a64ea7dc571
1155194730,CONJUNTO IGNICAO (CONTATO E CHAVE) - 4016,68661caf-fff3-47fb-bdc2-82608b3220cf
1155194735,CONJUNTO IGNICAO (CONTATO E CHAVE) - 4017,d9e72eb8-1d86-4a96-81c9-2ad1eacb471b
1155194740,CONJUNTO IGNICAO (CONTATO E CHAVE) - 4018,5f59eb5c-314e-45c6-86e6-2c71a38c6f99
1155194746,CONJUNTO IGNICAO (CONTATO E CHAVE) - 4019,83f760cd-4bef-48dd-8930-fee2294b2d22
1155194751,CONJUNTO IGNICAO (CONTATO E CHAVE) - 4020,3a94e4ce-d517-42c4-885e-174147e4aebe
1155194757,CONJUNTO IGNICAO (CONTATO E CHAVE) - 4021,25342b1e-74e1-490a-8fe0-de164238d562
1155194763,CONJUNTO IGNICAO (CONTATO E CHAVE) - 4022,c501ebff-9a31-4b96-9cb6-4b331cf4031a
1155194768,CONJUNTO IGNICAO (CONTATO E CHAVE) - 4023,4a1d7c89-8ae0-4612-87ff-754ee041c5c6
1155194773,CONJUNTO IGNICAO (CONTATO E CHAVE) - 4024,c3b73c8b-e266-464f-b732-1ae1b875bff3
1155194779,CONJUNTO IGNICAO (CONTATO E CHAVE) - 4025,7a8ded30-e4ba-4642-b007-65deaeaf4311
1155194783,CONJUNTO IGNICAO (CONTATO E CHAVE) - 4026,42f4150d-32d5-4bbf-bfb8-17ece2f2afa0
1155194787,CONJUNTO IGNICAO (CONTATO E CHAVE) - 4027,766c97ee-682f-4059-9888-067bd1e8268f
1155194793,CONJUNTO IGNICAO (CONTATO E CHAVE) - 4028,7e9a7471-91ff-4d84-9089-d3667cc371da
1155194799,CONJUNTO IGNICAO (CONTATO E CHAVE) - 4029,b9bc6882-c2eb-4d55-8224-d403712f242f
1155194804,CONJUNTO IGNICAO (CONTATO E CHAVE) - 4030,8ca1dd9f-f0f2-41ac-a9ee-26cbd620ad08
1155194808,CONJUNTO IGNICAO (CONTATO E CHAVE) - 4031,a9375f01-8630-4039-969c-912704649939
1155194812,CONJUNTO IGNICAO (CONTATO E CHAVE) - 4032,38a80cf8-0352-43eb-840b-f47fc9335e5b
1155194818,CONJUNTO IGNICAO (CONTATO E CHAVE) - 4033,ac1d39e1-751e-4490-82a7-b4d03d98dc3e
1155194823,CONJUNTO IGNICAO (CONTATO E CHAVE) - 4034,89270aee-49f6-4529-93e4-19d62b84af26
1155194826,CONJUNTO IGNICAO (CONTATO E CHAVE) - 4035,f3ac6354-cd07-4b73-b9bd-cf4132116348
1155194830,CONJUNTO IGNICAO (CONTATO E CHAVE) - 4036,997f89dd-d593-4aa2-a726-87c69c4595d5
1155194836,CONJUNTO IGNICAO (CONTATO E CHAVE) - 4037,5ad590e1-ec56-4950-b311-e0ebe1db84f0
1155194839,CONJUNTO IGNICAO (CONTATO E CHAVE) - 4038,9e2dcfe3-6229-4309-89b5-28f6ce732b83
1155194841,CONJUNTO IGNICAO (CONTATO E CHAVE) - 4039,baf3359f-83ca-4f7d-a953-93dc822f8844
1155194848,CONJUNTO IGNICAO (CONTATO E CHAVE) - 4040,14773dd7-a47e-4f99-a77b-20ede96b3eb9
1155194858,CONJUNTO IGNICAO (CONTATO E CHAVE) - AL,9ba84bee-d3e5-4443-8e98-6d3edaedcf94
1155194864,CONJUNTO SEPARADOR DISCO DA EMBREAGEM (03 UNDS),c0a6d476-c202-4dfc-88d7-656ae9bb6fa1
1155194869,CONJUNTO TANQUE (CHAVE E TRAVA) - 4001,b8e215d4-4665-4429-bdb4-6d1dbb10c797
1155194877,CONJUNTO TANQUE (CHAVE E TRAVA) - 4002,7d491a63-331b-419d-a3ae-52c4aa2152c9
1155194883,CONJUNTO TANQUE (CHAVE E TRAVA) - 4003,e3a58151-cd40-4d4b-bb07-0496c39228a6
1155194889,CONJUNTO TANQUE (CHAVE E TRAVA) - 4004,f379e6a9-2052-4bbe-9635-b893525a962d
1155194896,CONJUNTO TANQUE (CHAVE E TRAVA) - 4005,c03cb31d-dc11-4670-93cf-1a64d2c1363a
1155194902,CONJUNTO TANQUE (CHAVE E TRAVA) - 4006,a639c220-20dc-4419-b2e7-8667bfb114d5
1155194909,CONJUNTO TANQUE (CHAVE E TRAVA) - 4007,c71a3141-a913-4027-afcd-75dd7689dcfc
1155194917,CONJUNTO TANQUE (CHAVE E TRAVA) - 4008,b1939e65-a57f-40f6-9c89-854eeac70922
1155194924,CONJUNTO TANQUE (CHAVE E TRAVA) - 4009,9538d546-1bfb-45ed-a1b3-2bf19d58c6ff
1155194930,CONJUNTO TANQUE (CHAVE E TRAVA) - 4010,c2a5ffb2-dd43-47ea-b48e-75c8214cefd8
1155194938,CONJUNTO TANQUE (CHAVE E TRAVA) - 4011,e019bfc6-5fba-4ec7-b1df-fe2e0c68b9f4
1155194945,CONJUNTO TANQUE (CHAVE E TRAVA) - 4012,2c6c4a9b-cca2-4818-b4fb-44944903a70f
1155194952,CONJUNTO TANQUE (CHAVE E TRAVA) - 4013,2636b513-bc3f-4dfa-a907-36f6ee0bd3e0
1155194958,CONJUNTO TANQUE (CHAVE E TRAVA) - 4014,4e326f9c-6fc0-488a-8453-9713a77f7415
1155194964,CONJUNTO TANQUE (CHAVE E TRAVA) - 4015,73183b3e-bb69-4721-860b-1b368d55468e
1155194970,CONJUNTO TANQUE (CHAVE E TRAVA) - 4016,1b15ca0e-5c15-4f01-921f-9cf773dee3fb
1155194973,CONJUNTO TANQUE (CHAVE E TRAVA) - 4017,a4a12e3c-7de7-46b9-b4d8-834d7b42e224
1155194978,CONJUNTO TANQUE (CHAVE E TRAVA) - 4018,27c229ba-175d-407d-bd3a-fe10b31b5317
1155194981,CONJUNTO TANQUE (CHAVE E TRAVA) - 4019,a1461725-3a36-4f1b-99a3-eb9835c68df2
1155194994,CONJUNTO TANQUE (CHAVE E TRAVA) - 4020,1fc2fe86-c97e-4cb5-a1c0-959a468bd95e
1155194999,CONJUNTO TANQUE (CHAVE E TRAVA) - 4021,42377675-3bd3-4101-8332-fad5d1854f48
1155195004,CONJUNTO TANQUE (CHAVE E TRAVA) - 4022,d59f6ff0-62d5-4a59-a149-8372fe4b8498
1155195009,CONJUNTO TANQUE (CHAVE E TRAVA) - 4023,729e8144-7241-4518-affe-0f9298c23694
1155195019,CONJUNTO TANQUE (CHAVE E TRAVA) - 4024,0ae69984-66a8-4165-8e0a-79a258b2e1df
1155195026,CONJUNTO TANQUE (CHAVE E TRAVA) - 4025,741197b2-c645-4920-825f-3acc85ca6223
1155195035,CONJUNTO TANQUE (CHAVE E TRAVA) - 4026,dab79caf-41c4-4fbe-867c-3e5a98b2fff1
1155195041,CONJUNTO TANQUE (CHAVE E TRAVA) - 4027,510aa0b5-ae51-4698-81c0-2b50e5c2f7d7
1155195047,CONJUNTO TANQUE (CHAVE E TRAVA) - 4028,259436d3-94f2-471f-95d4-17ec3d95b345
1155195054,CONJUNTO TANQUE (CHAVE E TRAVA) - 4029,5d36deda-64dd-40ab-9375-e1c7bf0d4b09
1155195058,CONJUNTO TANQUE (CHAVE E TRAVA) - 4030,be81519d-63ee-4f68-b4f5-12db4d475390
1155195067,CONJUNTO TANQUE (CHAVE E TRAVA) - 4031,3bf5eef0-1792-426b-8b1e-f6ae3f0ca99e
1155195072,CONJUNTO TANQUE (CHAVE E TRAVA) - 4032,2dac5643-c801-4596-9126-4e184775dbe2
1155195081,CONJUNTO TANQUE (CHAVE E TRAVA) - 4033,a3c94ad2-9e29-4900-8e6b-24841527836e
1155195089,CONJUNTO TANQUE (CHAVE E TRAVA) - 4034,631f3705-d54a-4df8-b92b-a77f4a31f5d2
1155195096,CONJUNTO TANQUE (CHAVE E TRAVA) - 4035,39730169-19a0-4c93-86b2-ef7306ccf60d
1155195102,CONJUNTO TANQUE (CHAVE E TRAVA) - 4036,c74e6663-b89f-4c7c-8e08-9dce6f0c221e
1155195109,CONJUNTO TANQUE (CHAVE E TRAVA) - 4037,26542fb0-77ed-420d-8ac3-312bd2c3c8b7
1155195116,CONJUNTO TANQUE (CHAVE E TRAVA) - 4038,5e9b5289-7d01-4cb8-bc2c-6935a9ededb1
1155195127,CONJUNTO TANQUE (CHAVE E TRAVA) - 4039,60eb5801-2749-4392-ba34-b2dcdfcd2b51
1155195143,CONJUNTO TANQUE (CHAVE E TRAVA) - 4040,275dec57-9403-46d0-bca9-173c155c28be
1155195151,CONJUNTO TANQUE (CHAVE E TRAVA) - AL,2b65c125-a78a-48a0-bbc7-ca1e5296f70a
1155195156,CONJUNTO TRAVA DO ASSENTO,dde488a8-6c13-446d-a679-e1f202220114
1155195164,CONTRA-PINO DA VALVULA,dde488a8-6c13-446d-a679-e1f202220141
1155195171,CORDAO DE CHAVE MOTTU,33c979c6-dcee-4d2e-a0db-00cde2b1b4b0
1155195183,CORDONEL 10KG,99ba49c2-b159-4944-a154-dec14cc9e835
1155195191,COROA DE TRANSMISSAO,dde488a8-6c13-446d-a679-e1f202220143
1155195198,CORPO DE INJECAO,91d2a3dd-4818-47bb-8faa-3e0fab035444
1155195208,CORPO DO ACELERADOR COMPLETO,f98def72-3a8c-4ef9-a1e8-ea2282148a29
1155195215,Corrente de Comando,dde488a8-6c13-446d-a679-e1f202220144
1155195224,CORRENTE DE TRANSMISSAO,80d24e8b-26cd-4301-b803-0be4786a104e
1155195233,COXIM (BORRACHA) DO ASSENTO DO PILOTO,f9cfafe8-451b-48d0-a9c6-86ed8b69d7bb
1155195244,COXIM BATENTE DO ESCAPAMENTO,dde488a8-6c13-446d-a679-e1f202220148
1155195251,COXIM BORRACHA  REDONDA DO ASSENTO BANCO,dde488a8-6c13-446d-a679-e1f202220073
1155195262,COXIM BORRACHA CHASSIS,8bfdb2f5-754a-492a-957c-c1034da89290
1155195270,COXIM BORRACHA TRASEIRA ASSENTO BANCO,d0cb7d41-fc81-4fb0-9a31-94ac9a4fd720
1155195279,COXIM DE BORRACHA CENTRAL DO TANQUE DE COMBUSTIVEL,4385f239-fb88-452d-9952-ba3228708b56
1155195287,COXIM DE BORRACHA DO CANISTER,dde488a8-6c13-446d-a679-e1f202220130
1155195296,COXIM DE BORRACHA DO ESPACADOR DO PEDAL DE APOIO,dde488a8-6c13-446d-a679-e1f202220151
1155195304,COXIM DE BORRACHA DO SUP DO FAROL,dde488a8-6c13-446d-a679-e1f202220154
1155195316,COXIM DE BORRACHA DO SUPORTE DA LANTERNA TRASEIRA,dde488a8-6c13-446d-a679-e1f202220153
1155195325,COXIM DE BORRACHA DO TANQUE DE COMBUSTIVEL,14f0d484-11b3-493e-930a-3e20e29b4057
1155195337,COXIM DE BORRACHA DO TANQUE DE COMBUSTIVEL LD,4ab8ec09-f238-4f00-b139-0c94bb3f4ef5
1155195347,COXIM DE BORRACHA DO TANQUE DE COMBUSTIVEL LE,ba787b88-877d-446a-b7db-8e35130e3943
1155195357,COXIM DE BORRACHA PAINEL DE INSTRUMENTOS,19b441ff-4f23-40e0-87db-9735912cc8d6
1155195366,COXIM DE BORRACHA TRASEIRO TANQUE COMBUSTIVEL,d7630b38-bf2f-461a-b80e-79dbc53c0388
1155195379,COXIM DO PARABRISA FAROL,8d101be4-1cb6-4bcb-995c-e340b5bdfa67
1155195386,COXIM OVAL,dde488a8-6c13-446d-a679-e1f202240036
1155195396,CRPH SCR M6x12 6.8 ZNK,822bf929-8cbe-4c1d-9ffd-d842eb5bc5e4
1155195407,CUBO DA EMBREAGEM,3b2ce29c-1397-4b71-b8a9-36ec6d814802
1155195422,CUPILHA DO PEDAL DE APOIO TRASEIRO,1030c543-0101-4f93-8bd5-c3c50630c497
1155195434,CUPILHA GRANDE,60732804-afe5-4642-bb76-856f4d79c915
1155195444,CUPILHA PEQUENA,75dbeba5-6802-4d0e-b44c-ac880febf006
1155195457,DEFLETOR DE AR DE PLASTICO,dde488a8-6c13-446d-a679-e1f202220165
1155195466,DESENGRIPANTE,a4f6fd19-847e-45a1-9d0d-fbd9a05dfcc1
1155195472,DIRECIONAL FRENTE DIREITA,b252b4c0-6659-485d-9354-fe64a8b12cc1
1155195481,DIRECIONAL FRENTE ESQUERDA,419254cf-a5bc-40e3-b57b-bcca944792df
1155195488,DIRECIONAL TRASEIRA DIREITA,8624be18-f9a6-4ce9-aa4d-c8913cf334c7
1155195495,DIRECIONAL TRASEIRA ESQUERDA,69a69e8a-b75f-46df-b886-d7ce9b6e1084
1155195502,DISCO DE FREIO 240 4,5d665647-a066-4296-a2bc-e98cf064a9a3
1155195510,DRENO DE BORRACHA DO FILTRO DE AR,dde488a8-6c13-446d-a679-e1f202220168
1155195516,EIXO DA RODA TRASEIRA E BALANCA,4d43b56e-6927-4412-b400-612fe94dde3a
1155195523,EIXO DE ACO DE PARTIDA DO MOTOR,bd1ca44b-8ac3-44fb-be87-dee38f49bf55
1155195529,EIXO DE ACO DO BALANCIM DO COMANDO DE VALVULA DO MOTOR,dde488a8-6c13-446d-a679-e1f202220170
1155195537,EIXO DE ACO DO SUPORTE DA COROA,dde488a8-6c13-446d-a679-e1f202220169
1155195544,EIXO DO GARFO SELETOR DE MARCHA,dde488a8-6c13-446d-a679-e1f202220152
1155195553,EIXO PRIMARIO DE TRANSMISSAO DO MOTOR COM ENGRENAGEM,d69473b3-2f5d-4c4c-811d-25e82ef219f8
1155195556,EIXO RODA DIANTEIRA,dde488a8-6c13-446d-a679-e1f202240015
1155195560,EIXO SECUNDARIO DE TRANSMISSAO COM ENGRENAGEM E ROLAMENTO,dde488a8-6c13-446d-a679-e1f202220175
1155195567,EIXO SELETOR DE MARCHAS,dde488a8-6c13-446d-a679-e1f202220180
1155195571,EIXO TRASEIRO ESPACADOR LH,68ac1ef0-3236-4172-81a6-9dcdba62dca1
1155195575,ELO TRAVA DE CORRENTE DE TRANSMISSAO,c519c9bc-78dc-4d50-84fd-9b1d723eead3
1155195581,EMBREAGEM COMPLETA,b16f4b08-be9d-4b3d-89ce-cf0e5d22b74e
1155195585,EMBREAGEM UNIDIRECIONAL,015be192-6d7d-4ec3-ac76-e1d162722a0e
1155195589,EMENDA DE CORRENTE DE TRANSMISSAO,dde488a8-6c13-446d-a679-e1f202210173
1155195599,ENFORCA GATO (UNITARIO),dde488a8-6c13-446d-a679-e1f202210174
1155195604,ENGRENAGEM COMPLETA DA EMBREAGEM DE PARTIDA,8ec072b7-82e1-400b-a7f9-65488d6738d9
1155195609,ENGRENAGEM DA CORRENTE DE COMANDO,2f3b7198-abf1-4103-a17f-5da6348edb2e
1155195616,ENGRENAGEM DE ACO DA BOMBA DE OLEO DO MOTOR,dde488a8-6c13-446d-a679-e1f202220181
1155195622,ENGRENAGEM DE PARTIDA LENTA,44594281-d70a-42e3-b7a3-d964f2df9bea
1155195627,ENGRENAGEM DO VELOCIMETRO,2a4d490c-2d4b-473a-9072-14895af26fa8
1155195633,ENGRENAGEM FIXA DO EIXO DE PARTIDA,c12293df-635b-49a4-9dab-ce33648e4f59
1155195637,ENGRENAGEM PRIMARIA DE PARTIDA 22T,dde488a8-6c13-446d-a679-e1f202220183
1155195642,ENGRENAGEM PRIMARIA DO FILTRO CENTRIFUGO,dde488a8-6c13-446d-a679-e1f202220184
1155195647,ESCAPAMENTO COMPLETO NACIONAL,344b141f-2b90-48ee-9291-e297857888a1
1155195651,ESCAPAMENTO NACIONAL,3e3f75a4-62b4-4eb1-8e34-2fcd0f037b0a
1155195660,ESCAPE COMPLETO MEXICO,90550a74-f152-4085-9fc3-de0a4df89ddc
1155195666,ESFERA DE ACO INFERIOR,dde488a8-6c13-446d-a679-e1f202220186
1155195672,ESFERA DO PEDAL DE PARTIDA,2cca381c-579c-42df-9756-e6b979723cda
1155195678,ESFERA PEQUENA SUPERIOR 16 BOLAS,5b42d941-1f6f-41ec-8a39-6e4f947f7e7c
1155195683,ESPACADOR COMPLETO,8c0ec92f-3341-4f87-a271-4daa868bb69a
1155195689,ESPACADOR DA RODA DIANTEIRA LD,dde488a8-6c13-446d-a679-e1f202220187
1155195694,ESPACADOR DE ACO DA CARCACA DA EMBREAGEM,dde488a8-6c13-446d-a679-e1f202220188
1155195699,ESPACADOR DE ACO DA RODA TRASEIRA LD,dde488a8-6c13-446d-a679-e1f202220189
1155195704,ESPACADOR DE ACO DE PARAFUSO DO TANQUE DE COMBUSTIVEL,c3217e4b-92d5-4bec-864d-5896d895df37
1155195710,ESPACADOR DE ACO DO PARALAMA DIAN.,dde488a8-6c13-446d-a679-e1f202220190
1155195716,ESPACADOR DE ACO DO SUPORTE DA LANTERNA TRASEIRA,dde488a8-6c13-446d-a679-e1f202220191
1155195720,ESPACADOR DE ACO DO SUPORTE DO PEDAL DE APOIO,dde488a8-6c13-446d-a679-e1f202220192
1155195725,ESPACADOR DE CAMBIO,a7e02446-3179-4794-b301-477dc3ae7028
1155195731,ESPACADOR DO CAVALETE CENTRAL,3a3f1229-ac67-4500-908d-ba6040fb43d6
1155195736,ESPACADOR DO DISCO DO ROLAMENTO DO CUBO DIANTEIRO,dbff9a2f-579f-4c0f-b31e-b0f68105ecf6
1155195738,ESPACADOR DO GARFO SELETOR DE MARCHAS,dde488a8-6c13-446d-a679-e1f202220193
1155195744,ESPACADOR INTERNO CENTRAL DA RODA,60fc9d46-42c0-48ff-836e-0316b622228d
1155195749,ESPACADOR INTERNO DA SUSPENSAO DIANTEIRO,1ec3de09-8e9c-4c87-8f8e-3978f7674e62
1155195754,ESPELHO DO FREIO TRASEIRO,988fe720-fe5b-4f79-b0bc-85baae52ee3c
1155195759,ESPELHO RETROVISOR LD,45e5a590-397c-4333-b04b-15ebf60a8d48
1155195766,ESPELHO RETROVISOR LE,978a53fa-0361-422a-9007-3a5249e2281b
1155195771,ESPUMA AMORTIZADORA (SUPORTE DE CELULAR),b1da17ab-e9fb-43b7-9261-8fe5d3fd8d67
1155195778,ESPUMA DO ASSENTO BANCO,6e722151-0d0a-4cce-bbec-301fb4a0bcbb
1155195784,ESTATOR COM FIACAO E CONECTOR T=12V,019296cb-0fdf-472b-9648-f435dcc2b126
1155195789,ESTATOR E MAGNETO COM FIACAO E CONECTOR T=12V,dde488a8-6c13-446d-a679-e1f202220172
1155195793,ESTICADOR DE CORRENTE LADO DIREITO,b060654a-3481-4849-a54f-dbc62259203a
1155195797,ESTICADOR DE CORRENTE LADO ESQUERDO,dde488a8-6c13-446d-a679-e1f202240021
1155195801,ESTRIBO,dde488a8-6c13-446d-a679-e1f202220196
1155195805,EXTRATOR DE ROTOR SPORT M28X1MM,0fb57331-f89b-483f-8543-893c4cc13817
1155195809,FAROL COMPLETO - Mottu Sport,51fc2984-a1ab-40c7-a505-a6b41d3c294b
1155195814,FILTRO DA BOMBA DE COMBUSTIVEL,0fd7bbf2-fbfb-4d03-94be-51d22f8f5165
1155195819,FILTRO DE AR,79048275-3bb6-4670-afd5-3434b6f927ee
1155195823,FILTRO DE OLEO CENTRIFUGO,68220706-728e-40e6-9e45-313c081e2eb8
1155195829,FILTRO DE OLEO DO MOTOR TELA METALICA,dde488a8-6c13-446d-a679-e1f202240050
1155195834,FITA FILME STRETCH AMARELO,bd1c52ba-58eb-4db4-aeb4-563d9141eee7
1155195841,FITA FILME STRETCH AZUL,eb7c4f7c-a718-4153-bed2-034160ad873d
1155195846,FITA FILME STRETCH LARANJA,98a0f6e5-a8f9-4db7-a92f-d630c0d18510
1155195851,FITA FILME STRETCH ROXO,ed54f61f-686f-40f9-b999-deb56fd0fc86
1155195860,FITA FILME STRETCH TRANSPARENTE,c877c846-485e-4e08-b5b3-bb98c6e156b1
1155195865,FITA FILME STRETCH VERDE,419767bc-7512-43ea-aad7-92c7fff9a673
1155195870,FITA FILME STRETCH VERMELHO,d9be9ff5-b632-449a-9f9a-17992ef2d48e
1155195876,FITA ISOLANTE,a09ffcc7-35c7-4221-be45-2c73ebce36a9
1155195881,FIXADOR DA COROA DE TRANSMISSAO DE ACO,c9080d18-6a52-43db-b796-c9cd4be939fe
1155195886,FLANGE CONTRA CHOC COROA DE TRANSMISSAO,0cf018ea-0619-42e5-9908-05365c5fde21
1155195889,FUSIVEL BATERIA / CHICOTE (10A),dde488a8-6c13-446d-a679-e1f202210198
1155195894,FUSIVEL CHICOTE (15A),dde488a8-6c13-446d-a679-e1f202210199
1155195898,GABARITO DO ESPACADOR DA RODA,a590de7e-d576-43e3-a44a-e23bb3a73d5a
1155195903,GARFO INF SELETOR DE MARCHAS,dde488a8-6c13-446d-a679-e1f202220201
1155195908,GARFO SUP SELETOR DE MARCHAS,dde488a8-6c13-446d-a679-e1f202220208
1155195912,GARFO TRASEIRO COMPLETO,0383ba24-6ff5-436a-b568-9c3473f50458
1155195917,GRAXA,636ea6db-689e-4cb3-b9b7-08ec082e3781
1155195921,GRAXA SILICONADA TRANSPARENTE,d875ff67-1d63-4a56-8392-a2b8e9b12176
1155195926,GUARDA PO DO AMORTECEDOR DIANTEIRO,f395f602-99b9-48b3-9cff-781f43d8e156
1155195930,GUARDA PO DO CABO DO ACELERADOR - Mottu Sport,055acaa9-2d59-443d-b507-c967bceeb312
1155195934,GUARDA PO DO FAROL,8201e6ac-7693-4f55-a8b8-90fffa38239d
1155195938,GUARDA PO ESPELHO FREIO DIANTEIRO,94750df4-bc3f-4287-a8fd-41b38e31927a
1155195942,GUARNICAO DE BORRACHA DA TAMPA FILTRO DE AR,ec9b7c94-4fbb-4348-bc44-e1a15b31bae5
1155195950,GUIA DA TAMPA EMBREAGEM,dde488a8-6c13-446d-a679-e1f202240034
1155195956,GUIA DE ACO DO CABO DA EMBREAGEM,dde488a8-6c13-446d-a679-e1f202220209
1155195962,GUIA DE BORRACHA DA CORRENTE TRANSMISSAO,b16ff18d-a0e6-4201-a07b-cc7757b611e3
1155195969,GUIA DE PLASTICO DA CORRENTE DO COMANDO DO MOTOR,dde488a8-6c13-446d-a679-e1f202220213
1155195977,GUIA DE PLASTICO DA MOLA DO EIXO DE PARTIDA,09bc40b5-446b-4ee8-9214-3a5b0ebf50ad
1155195981,GUIA DO CABO DO VELOCIMETRO,dde488a8-6c13-446d-a679-e1f202220215
1155195996,GUIA PINO DE ACO DA ARVORE DE COMANDO,6c7f9b80-ff7b-419d-b483-b28139a7cd5f
1155196003,GUIA TENSOR DO ACIONADOR DA CORRENTE DE COMANDO DO MOTOR,2c597e53-3aee-4901-b05b-24a24a63a5d4
1155196010,GUIDAO,dde488a8-6c13-446d-a679-e1f202220218
1155196016,HASTE DE ACO DE ACIONAMENTO (VARAO) DO FREIO TRASEIRO,dde488a8-6c13-446d-a679-e1f202220222
1155196024,HASTE DE ACO DE ACIONAMENTO DA EMBREAGEM,dde488a8-6c13-446d-a679-e1f202220221
1155196031,INSTALADOR DE RETENTOR DA BENGALA - GALMAR,3cd2505f-53df-4935-af39-62f63276b14c
1155196036,INTERRUPTOR DA LUZ DO FREIO,dde488a8-6c13-446d-a679-e1f202220225
1155196041,INTERRUPTOR DE EMBREAGEM,6eda6448-f989-43d4-8fdf-6fc88036ec54
1155196047,INTERRUPTOR DE FREIO DIANTEIRO,29ebf04e-d026-4408-a833-e6fbf27179b0
1155196054,JUNCAO DO BICO INJETOR,366297b7-1627-4216-861d-534b993a4ec1
1155196060,JUNTA CENTRAL DA CARCACA DIREITA,fa895402-897e-4f57-9bd3-e65d0a66dfe4
1155196063,JUNTA DA EMBREAGEM,d435ae4e-0fae-4e66-a645-640665e8fd1e
1155196068,JUNTA DE ACO DO CABECOTE DO MOTOR,dde488a8-6c13-446d-a679-e1f202220228
1155196073,JUNTA DE ACO DO ESCAPAMENTO,dde488a8-6c13-446d-a679-e1f202220027
1155196078,JUNTA DE PAPEL DO CILINDRO DO MOTOR,213d01a4-323b-4fb1-a373-f124acc83204
1155196084,JUNTA DE PAPEL DO FILTRO CENTRIFUGO,dde488a8-6c13-446d-a679-e1f202220229
1155196088,JUNTA DO ACIONADOR TENSOR,2e207c1d-6e9f-4e20-8b24-c67d1da892cf
1155196092,JUNTA ESQUERDA DA TAMPA DO ESTATOR,9f767be6-933d-43ad-bbd6-728da7ddbf24
1155196095,KIT BIELA,6bea750d-5287-419c-b2de-f231293398f7
1155196100,KIT CILINDRO ANTIGO,3b8fd3ca-2a18-4ce8-bbe4-6f112c552649
1155196105,KIT CILINDRO USHA,a9ec9188-c786-4bd0-8e1e-297c60aee80e
1155196111,KIT COM 4 COXIM DE BORRACHA DO FLANGE DA RODA TRASEIRA,37bb159a-9ed2-4203-8457-3c9ff547d8f4
1155196120,KIT DE REPARO DE PNEU SEM CAMARA,a328eb69-9ff7-474f-8da8-cb4bf22b231d
1155196129,KIT REPARO CALIPER EXTERNO,c5f9845b-26d5-4e3a-bac3-a1457a7bc04b
1155196136,KIT REPARO CALIPER INTERNO,a9a35a08-a42a-48b7-95cb-94ed0cd27a40
1155196145,LAMPADA DO FAROL (H4),ee7bc68e-658d-4a81-9dab-c99163f95d83
1155196153,LAMPADA DO FAROL (H4) MELHORADA,1de245f5-edc9-46fe-aaba-41ad5ef9930b
1155196158,LAMPADA DO PAINEL  (12V 3W),7a2ef9f6-851c-40ad-81a8-f903485169ad
1155196165,LAMPADA DO PAINEL LED (12V 1.7W),1021e29a-6fc2-4e11-92d7-5642c9d202b2
1155196169,LAMPADA DO PAINEL PEQUENA 12V 1.7W,debec5f2-7e6f-4b85-9c79-9315e3111616
1155196176,LAMPADA LANTERNA TRASEIRA (P21/5W),60a1df45-43d1-43ab-ab43-5e4b8b50cf2b
1155196185,LAMPADA PISCA ESMAGADA,7dd25c44-dd53-4949-84ea-ee7ff528b17f
1155196192,LANTERNA TRASEIRA COMPLETA,b3e83431-6175-47bd-9431-56e7087152dd
1155196197,LENTE DA LANTERNA TRASEIRA,9f0bff51-215d-4152-9bff-b84c12edf912
1155196202,LIMITADOR DO TAMBOR SELETOR DE MARCHAS.,dde488a8-6c13-446d-a679-e1f202220233
1155196210,LIMPA CONTATO - SPRAY 321ML,b58d4e84-ca74-4635-9ac8-7350854c6f64
1155196215,LONA DE FREIO DIANTEIRO 0.25,6f37ab91-4367-48e5-ae55-7d60b9e6d92d
1155196224,LONA DE FREIO DIANTEIRO 0.50,47f61288-0140-4cb7-842c-d404b07c0557
1155196229,LONA DE FREIO DIANTEIRO STD,c1ddbc2b-ff86-42b6-8f41-9ed57476cbb0
1155196233,LONA DE FREIO TRASEIRA 0.25,a22e1043-9d0a-4a97-acce-a22033f2ec77
1155196239,LONA DE FREIO TRASEIRA 0.50,5627d1a7-7d4f-4ae5-b775-9cc4617defd5
1155196244,LONA DE FREIO TRASEIRA STD,dd28c939-ad76-4755-a001-33951aa5aff4
1155196248,LONA DE FREIO TRASEIRA STD MELHORADA,e0621117-8610-4b19-9bad-99e488e3602b
1155196252,LUBRIFICANTE DE CORRENTE,dde488a8-6c13-446d-a679-e1f202240096
1155196256,MACARRAO PARA REPARO DE PNEU,276c0281-05d1-453f-8112-cef5c2cacc93
1155196260,MAGNETO,acbf1500-f69b-432d-bad7-b915f8b30697
1155196264,MANETE DA EMBREAGEM,7465c543-6a88-4aeb-b49e-f1bd242106ed
1155196267,MANETE DO FREIO,eed67ff2-abd4-4551-b363-279accacbc01
1155196268,MANGUEIRA AR PRETA 516,a7748588-35e2-4098-8b1e-fb72d44fd1e8
1155196272,MANGUEIRA COMBUSTIVEL,2e67d6c7-4b3c-4551-90b9-36ead2776a1d
1155196280,MANGUEIRA DE ALIMENTACAO DO COMBUSTIVEL,8307636c-352b-486d-b2d5-bebadecdcb1b
1155196286,MANGUEIRA DE ESCAPE,e236c4bc-bffe-4efe-89ca-3797941e039b
1155196294,MANGUEIRA DO FREIO A DISCO DIANTEIRO,460e3ec7-e1df-46a9-83de-f75a0aeb4d69
1155196299,MANICOTO DIRETO FREIO DIANTEIRO,ab046bb9-865b-429b-b1fe-6dde0a5fb6f7
1155196304,MANICOTO ESQUERDO EMBREAGEM,b675a413-c00f-452b-b25f-57e762d7c939
1155196311,MANOPLA DO ACELERADOR,c2c26940-b4f7-4d84-86c3-38f6654e9d80
1155196315,MANOPLA ESQUERDA,dde488a8-6c13-446d-a679-e1f202220240
1155196320,MARCADOR DE COMBUSTIVEL PAINEL,f3066340-11a4-4933-8820-6641bce28501
1155196326,MARCADOR INDUSTRIAL AMARELO,2495662a-1182-4383-853b-87de3bc154c2
1155196333,MARCADOR INDUSTRIAL VERMELHO,7d099ad5-2425-4b4d-8dcc-59a388c84849
1155196342,MECANISMO COM MOSTRADOR DE VELOCIDADE,5de6f927-bf73-4a49-a308-64a6dfd8f505
1155196348,MESA DE DIRECAO SUPERIOR,dba5e00d-8479-4d7d-b421-58e92ebf2139
1155196353,MODULO DE INJECAO (CDI),ea80fc07-8cef-465d-82a6-53bfba7d79aa
1155196360,MODULO DE INJECAO (ECU),c35bd7fc-ea31-4982-88da-d7a311149b83
1155196368,MOLA DA EMBREAGEM,5ca4c86d-eef8-495c-9677-6d2c87f6b6d3
1155196374,MOLA DA EMBREAGEM,dde488a8-6c13-446d-a679-e1f202240287
1155196381,MOLA DA ESFERA ARTICULACAO PEDAL PARTIDA,b67fe440-0ac7-4f35-9be2-c6421501b455
1155196386,MOLA DA LONA DE FREIO DIANTEIRA,b30db758-8f5e-4d31-83c2-a235b57918e5
1155196392,MOLA DA LONA DE FREIO TRASEIRA,de6bd4c6-3a8f-4a9a-8f31-3d74f04798d6
1155196400,MOLA DE ACO HELICOIDAL CILIND DA ENGRENAGEM PARTIDA,dde488a8-6c13-446d-a679-e1f202220243
1155196407,MOLA DE ACO HELICOIDAL CILIND DO EIXO SELETOR,dde488a8-6c13-446d-a679-e1f202220244
1155196413,MOLA DE ACO HELICOIDAL CILIND DO LIMITADOR DO TAMBOR,dde488a8-6c13-446d-a679-e1f202220320
1155196422,MOLA DE ACO HELICOIDAL CILIND INTERNA DA VALVULA DO MOTOR,dde488a8-6c13-446d-a679-e1f202220246
1155196427,MOLA DE RETORNO DO CAVALETE LATERAL,c92d5f0d-c0c4-4341-8c1e-8ab655d585a1
1155196430,MOLA DE RETORNO DO FREIO A DISCO,aaf496f6-e8a7-4ed3-a5c4-b0100e716bf5
1155196437,MOLA DO CABO DO FREIO DIANTEIRO,4b80773a-cb4f-4345-b85f-5f1461980d32
1155196443,MOLA DO ESPELHO DO FREIO DIANTEIRO,9abab8af-dece-41aa-b097-c972475a2a9a
1155196449,MOLA DO FILTRO CENTRIFUGO DO OLEO,dde488a8-6c13-446d-a679-e1f202220247
1155196453,MOLA DO SUPORTE DO PEDAL FREIO,c0e485ec-080f-4235-af20-d7c69f27ce8d
1155196457,MOLA DO VARAO DE FREIO TRASEIRO,d8a859b6-ed66-40dd-bbdd-ba522eef832e
1155196464,MOLA EXTERNA VALVULA DO CABECOTE,dde488a8-6c13-446d-a679-e1f202220203
1155196473,MOLA HELICOIDAL CILIND. DE ACO DA LUZ DO FREIO TRASEIRO,dde488a8-6c13-446d-a679-e1f202220227
1155196481,MOLA HELICOIDAL CILIND. DE ACO RETORNO DO CABO DA EMBREAGEM,dde488a8-6c13-446d-a679-e1f202220250
1155196488,MOLA INTERNA SUSPENSAO DIANTEIRO,0f740133-37ca-4140-861b-0ff758ee1cca
1155196495,MOLA PRESSAO EIXO DE PARTIDA,a4e98014-e755-4da3-9409-f39f2ce0e5c0
1155196504,MOLA RETORNO AMORTECEDOR DIANTEIRO,dde488a8-6c13-446d-a679-e1f202220251
1155196511,MOLA RETORNO DO EIXO DE SELETOR DE MARCHA,e0059d16-416f-434e-bfa4-6953283d1835
1155196517,MOLA VARAO DE RETORNO DO FREIO TRASEIRO,66fc41b7-371a-4bec-b6b5-520f8c393c6b
1155196523,MOTOR DE PARTIDA,d7f77554-7e9b-49b2-8e81-0a48298ada9f
1155196534,MOTOR DE PARTIDA,160045e3-f785-4914-b630-990940ef8048
1155196542,O RING SUP GARFO SUSPENSAO DIANTEIRO,d99b887c-9dd9-4e9b-a36b-e0a754e8b57f
1155196549,OLEO DA BENGALA 10W,dea4d109-2423-4794-a170-eef92c6a65f1
1155196557,OLEO P/ DISCO DE FREIO ESD 200ML,f6a027bc-bbee-432f-ad62-309298c13547
1155196563,OLEO P/ DISCO DE FREIO ESD 6X0.2L,e797ae7f-ce00-4c3d-aeb3-8b86680e762c
1155196571,PAINEL COMPLETO,ba5bed2e-d929-48e9-a189-fb8c3f837cfd
1155196579,PAINEL DO FREIO DIANTEIRO,dde488a8-6c13-446d-a679-e1f202220253
1155196586,PAR DE MOLA DA LONA,4b8f50cd-7975-4ce8-a7f6-3f4b3458424d
1155196591,PARABRISA PLASTICO PRETO,0d9bc187-f4e7-4e77-8e1b-61d27bfa72b4
1155196597,PARADOR CENTRAL,115c40a8-1308-47c5-a767-ac2b55d6ec70
1155196603,PARAF CAB PAN ST4.2X25 ZNK,dde488a8-6c13-446d-a679-e1f202220256
1155196614,PARAF SEXT M6X16 8.8 ZNG (TSDS-0204),dde488a8-6c13-446d-a679-e1f202220258
1155196619,PARAF SEXT M6X38 8.8 ZNB,dde488a8-6c13-446d-a679-e1f202220263
1155196624,PARAF SEXT M8X35 6.8 ZNB,4255c6a1-73c3-49e2-8235-3acd5584ee3a
1155196630,PARAF SEXT RP DO ELO TRAS,dde488a8-6c13-446d-a679-e1f202220266
1155196636,PARAF. CAB. CHATA PHILLPS M5X14 RP=0.8 ZA,dde488a8-6c13-446d-a679-e1f202220270
1155196642,PARAF. PHILIPS CAB. PAN. M6X25 RT=1 PH=2 8.8,dde488a8-6c13-446d-a679-e1f202220271
1155196646,PARAF. SEXT. FLANG. M6X10 RP=1 T=8 ZB,dde488a8-6c13-446d-a679-e1f202220274
1155196651,PARAF. SEXT. FLANG. M8X60 RP=1.25 T=12 8.8 ZP,dde488a8-6c13-446d-a679-e1f202220277
1155196656,PARAFUSO AJUSTE DA VALVULA,91634610-26cf-49d4-b047-80441a6d81db
1155196661,PARAFUSO ALLEN 8X27,dde488a8-6c13-446d-a679-e1f202220278
1155196669,PARAFUSO BANJO VAZADO M8X12 T10,51a5c574-b4e3-403e-96a8-3399c1bc241d
1155196674,PARAFUSO BOBINA DE PULSO M5x12,ece060df-1366-4505-84e7-8b56f234b2bf
1155196679,PARAFUSO CAB LENT. ROSCA. METR. M6X20 6.8 ZO,dde488a8-6c13-446d-a679-e1f202220255
1155196685,PARAFUSO CARCACA MOTOR M6X50,83a39ad5-229c-4b8a-856f-742c3769c53c
1155196689,PARAFUSO CRPH M5X12,3d99b244-0c6b-4191-9c1b-3ba7a3965d49
1155196695,PARAFUSO DA BATENTE DO EIXO DE PARTIDA / CAPA CORRENTE / SUPORTE STOP TRASEIRO,76e2234a-093c-47a0-a59d-a9381e7324a1
1155196701,PARAFUSO DA TRAVA PEDAL CAMBIO M5X8,dde488a8-6c13-446d-a679-e1f202240033
1155196707,PARAFUSO DE CABECA CRR CSK M6X16,27f0ebca-598c-4246-a741-8bd22e491e1d
1155196712,PARAFUSO DE CABECA SEXTAVADA M6X16 P 8.8,1aec934d-3f35-423a-8dfe-342075d1e675
1155196719,PARAFUSO DE FIXACAO DO ESCAPAMENTO CLASSE 12.9,623a2ee4-de0f-4a32-9d55-3e2f1480965b
1155196726,PARAFUSO DO CAVALETE M8X1.25X30,dde488a8-6c13-446d-a679-e1f202220282
1155196732,PARAFUSO DO EIXO DE PARADA CENTRAL,43e66a76-bb17-44e9-930a-32849b01a8df
1155196737,PARAFUSO DO ESTICADOR DE CORRENTE,d1c021ec-c66e-47e9-86ce-f99bf58ef01d
1155196743,PARAFUSO DO LIMITADOR TRAMBULADOR,dde488a8-6c13-446d-a679-e1f202240017
1155196748,PARAFUSO DO PROTETOR PONTEIRA ESCAPAMENTO M6X8 6.8 ZNB,dde488a8-6c13-446d-a679-e1f202240042
1155196760,PARAFUSO ESPECIAL DO TENSOR DA CORRENTE DO COMANDO,dde488a8-6c13-446d-a679-e1f202220281
1155196766,PARAFUSO ESPECIAL DO TRAMBULADOR / TAMBOR SELETOR DE MARCHA,504d6269-e83d-48b5-813e-cb8121b07680
1155196769,PARAFUSO ESPECIAL M8,66771ca2-9154-4d76-984f-29cd9b9dbc62
1155196775,PARAFUSO FIXACAO BENGALA M8X40,dde488a8-6c13-446d-a679-e1f202240192
1155196779,PARAFUSO FIXACAO BRACO FREIO M6X33,7a92a50e-4c20-441c-b677-0c9a02d788bc
1155196783,PARAFUSO FIXACAO CABECOTE / BLOCO DO CILINDRO / RETIFICADOR,eb114d68-7ad5-4a78-8a92-6d2f3449341d
1155196787,PARAFUSO FIXACAO CARENAGEM LATERAL- CRPH M6X16,885283f5-a646-4c01-a0e5-e5b4764a5a84
1155196791,PARAFUSO FIXACAO CORPO INJECAO SEXT. FLANG. M6X30,8fc81c59-9ba2-4387-a280-2a6edd05bb07
1155196797,PARAFUSO FIXACAO DO CABO VELOCIMETRO,7d6bb9e2-4b6c-48bc-8e6a-621e8067ff5e
1155196801,PARAFUSO FIXACAO O CABECOTE PRISIONEIRO,dba063eb-08ed-411b-90cc-e22141ded6bd
1155196806,PARAFUSO FIXACAO PLACA NEUTROSEXT. FLANG. M6X12 RT=1.0 T=12 8.8,dde488a8-6c13-446d-a679-e1f202240074
1155196812,PARAFUSO GRANDE ESTRIBO / MOTOR SUPERIOR M8X115,dde488a8-6c13-446d-a679-e1f202240038
1155196816,PARAFUSO INFERIOR FRONTAL MOTOR M8X75 RP=1.25 T=12 10.9 ZP,e3234e95-4d08-4e61-bfe9-73bf258dd631
1155196820,PARAFUSO LENTE LANTERNA / PARABRISA,dde488a8-6c13-446d-a679-e1f202240283
1155196826,PARAFUSO MANETE,e14122e9-4c06-422a-a36e-04ef2edbd03e
1155196832,PARAFUSO PEDAL DE CAMBIO / SUPORTE INTERNO DO FAROL / CARENAGEM LATERAL ,dde488a8-6c13-446d-a679-e1f202240080
1155196837,PARAFUSO PEQUENO FIXACAO DO ESTRIBO,dde488a8-6c13-446d-a679-e1f202240037
1155196840,PARAFUSO PRISIONEIRO DA COROA DE TRANSMISSAO,bc542751-08b9-43de-802c-b97351369589
1155196844,PARAFUSO PROTETOR PLASTICO MOTOR ARRANQUE CRPH M5X12 ,dde488a8-6c13-446d-a679-e1f202240030
1155196849,PARAFUSO SEXT. FLANG. M10X22,dde488a8-6c13-446d-a679-e1f202220284
1155196853,PARAFUSO SEXT. FLANG. M5X14 DO TANQUE DE COMBUSTIVEL,dde488a8-6c13-446d-a679-e1f202220285
1155196857,PARAFUSO SEXT. M8X20,1be362c8-a5f4-4df5-b5e6-84f69291ad0b
1155196865,PARAFUSO SEXTAVADO DE TROCA DO OLEO M12X10 RT=1.25 ZD,dde488a8-6c13-446d-a679-e1f202220290
1155196870,PARAFUSO SEXTAVADO FLANGEADO M6X16 -ZNG,3a9407c7-25da-48e3-9627-c8f6fee5d6a0
1155196876,PARAFUSO SEXTAVADO FLANGEADO M8X27,1270eb71-df62-48ff-9ffa-0e0215d5e7f0
1155196885,PARAFUSO SOBERBO RABETA,c23ac05e-40ad-4680-a2eb-7419fe31398b
1155196891,PARAFUSO SUPERIOR FRONTAL MOTOR. M8X65 RP=1.25 T=12 10.9 ZP,25fbf137-9b0d-4456-a5dd-5326be581ef6
1155196897,PARAFUSO SX 6X20 8.8 ZN,dde488a8-6c13-446d-a679-e1f202220259
1155196901,PARAFUSO SX FL 6X25 8.8 ZN,6dfe7c73-cde7-4c13-bd2a-38555fef6516
1155196910,PARAFUSO SX FL 6X25 8.8 ZN,cb288a5f-b2e4-4d78-977b-9f00cdccabe2
1155196915,PARAFUSO SX FL 6X30 8.8 ZN,f2804bf3-682b-43d9-b433-ec4c797f05aa
1155196920,PARAFUSO SX FL 6X35 T8 8.8 ZD,dde488a8-6c13-446d-a679-e1f202220273
1155196926,PARAFUSO SX FL 8X20 8.8 ZN,44e24a6b-5a4d-4003-a0a7-678834ad0462
1155196930,PARAFUSO SX FL M6X20 RT=1.0 T8 8.8 ZO,dde488a8-6c13-446d-a679-e1f202220275
1155196934,PARAFUSO SX FL M8X80 RP=1.25 T12 10.9 ZP,dde488a8-6c13-446d-a679-e1f202220289
1155196939,PARAFUSO SX M5X10 T8 8.8 ZD,dde488a8-6c13-446d-a679-e1f202220269
1155196945,PARAFUSO TAMPA DE AR M5X16,a17f6c5f-ea74-4300-b8de-de28567c6f2a
1155196951,PARAFUSO TORX DA BLINDAGEM DO TANQUER DE COMBUSTIVEL 8X25,75db1d6c-d0d5-4c3a-8df5-7f6664366f20
1155196956,PARAFUSO TRAVA BANCO M8X25,cc2cc06d-3e82-4dd4-9f8f-8aa13c141d30
1155196963,PARALAMA DIANTEIRO PRETO,4e238888-fd97-4f1d-96f4-fd90ad531ae6
1155196967,PARALAMA TRASEIRO SUPERIOR,d549dcc9-0bed-44e8-a785-7b6866bc5a76
1155196972,PASTA DESENGRAXANTE,cd100fff-31dd-4f9d-a04e-11823f5185bd
1155196979,PASTA PARA MONTAGEM DE PNEU,08252ee8-5296-4c76-b00b-7263ad9a7efd
1155196985,PASTILHA EXTERNA/INTERNA COMPLETA,a8f80c4b-6f75-480b-9088-c91b19028169
1155196991,PEDAL DE APOIO GARUPA,ef451f09-5a8f-408d-8d3e-41601025dc44
1155196995,PEDAL DE APOIO TRASEIRO LD,96bbb3aa-ea3a-479b-b3ad-68cfec9aee99
1155197002,PEDAL DE APOIO TRASEIRO LE,486b5829-4ef8-4cda-8563-a6d287cf90a5
1155197007,PEDAL DE CAMBIO,dde488a8-6c13-446d-a679-e1f202220303
1155197011,PEDAL DE PARTIDA,7aaa95b2-1bff-45bc-a71e-669b2bde8edd
1155197017,PEDAL DO FREIO,dde488a8-6c13-446d-a679-e1f202220022
1155197027,PINHAO DE TRANSMISSAO 14T,dde488a8-6c13-446d-a679-e1f202220305
1155197034,PINHAO DO VELOCIMETRO,dde488a8-6c13-446d-a679-e1f202220306
1155197040,PINO (ACO) DA ALAVANCA DE ACIONAMENTO DA EMBREAGEM,dde488a8-6c13-446d-a679-e1f202220309
1155197046,PINO ARTICULACAO PEDAL PARTIDA,fd5ab5d8-1206-4e09-92b2-a5376376efbc
1155197051,PINO CLEVIS,5059a84a-fa1e-4f4b-b56d-c5f1e1b32708
1155197056,PINO DA ALAVANCA DE ACIONAMENTO DA EMBREAGEM,dde488a8-6c13-446d-a679-e1f202220312
1155197060,PINO DA MOLA DE RETORNO DO EIXO SELETOR DE MARCHA,65d63348-6ce1-4eec-a968-24816213c782
1155197065,PINO DA TAMPA DO MAGNETO,9559e68a-8525-4a71-a709-cfd932597e02
1155197071,PINO DE ACO DA HASTE DO FREIO TRASEIRO,dde488a8-6c13-446d-a679-e1f202210228
1155197076,PINO DE ACO DA JUNCAO DO BRACO DO FREIO TRASEIRO,dde488a8-6c13-446d-a679-e1f202220317
1155197082,PINO DE PLASTICO DA MESA SUPERIOR,dde488a8-6c13-446d-a679-e1f202240167
1155197088,PINO EIXO PEDAL APOIO GARUPA,dde488a8-6c13-446d-a679-e1f202240053
1155197094,PINO GUIA (ACO) DO CILINDRO 12X8.9X11,dde488a8-6c13-446d-a679-e1f202220318
1155197099,PINO ROSCADO LIMITADOR EIXO SELECTOR DE MARCHA,85a4bc55-bcd6-43fd-85c5-39cbbed35761
1155197102,PINO TRAVA SELETOR DE MARCHAS,5e1d6f88-b0ec-42ff-869e-fb7873b7ee76
1155197110,PISCA DIANTEIRO ESQUERDO / TRASEIRO DIREITO COMPLETO,c92685bd-8236-4098-80b1-27004f2539c2
1155197113,PISCA UNIVERSAL DIANTEIRO,a4bb4c02-0c8d-4120-b84e-8a3f560774b7
1155197119,PISCA UNIVERSAL TRASEIRO,a9e672c3-aa74-4d3f-a57c-0740da8d8442
1155197125,PISTA INTERNA INFERIOR DA COLUNA DE DIRECAO,78d65143-f5d6-42ac-8ae3-a3920ac69fa2
1155197131,PISTA ROLAMENTO INTERNA,dde488a8-6c13-446d-a679-e1f202220321
1155197136,PISTA SUPERIOR DA COLUNA DE DIRECAO,9bff6795-be6b-432e-be40-720e0d2cafe8
1155197143,PISTAO,25ff5c7c-f5f6-442a-a8ef-9eb1f336e093
1155197148,PLACA ACO DE FIXACAO DO ROLAMENTO DO VIRABREQUIM,dde488a8-6c13-446d-a679-e1f202220323
1155197153,PLACA DE ACO DA POSICAO DE MARCHA,9fd3a566-0794-4fe2-b526-d54391178cc1
1155197160,PLACA DE ACO SELETOR TRAMBULADOR,dde488a8-6c13-446d-a679-e1f202240067
1155197169,PLACA DE FIXACAO PINHAO DE ACO DE TRANSMISSAO DO MOTOR,dde488a8-6c13-446d-a679-e1f202220324
1155197172,PLACA LIMITADORA DE FIXACAO DO COMANDO DE VALVULAS,dde488a8-6c13-446d-a679-e1f202220325
1155197176,PLATOR EMBREAGEM,f6b254de-470a-4cb1-8016-fc79c97a4da5
1155197181,PLUG 1P,dc4b5742-93c4-49c4-a7f1-595a32751850
1155197188,PLUG SAI,dde488a8-6c13-446d-a679-e1f202240252
1155197193,PLUGUE TRASEIRO DA CARCACA DO MOTOR,b9561042-ae13-4509-9096-52e8f2cec317
1155197197,PNEU DIANTEIRO,dde488a8-6c13-446d-a679-e1f202240295
1155197204,PNEU TRASEIRO,dde488a8-6c13-446d-a679-e1f202240296
1155197211,PONTE TRASEIRA DO CHASSI,80daaa39-9e7d-4f8f-8863-e1ffd743bbc1
1155197217,PORCA AJUSTE DA VALVULA,30b19844-f7a0-4a39-b674-57b11b20b083
1155197225,PORCA ALLEM FIXACAO BOBINA PULSO M12x1.25,f9a9b922-e6f5-4203-af26-eb0879c718b2
1155197231,PORCA CASTELO COLUNA DIRECAO,6041543d-d720-4ae8-8ad8-1c9afcff7f00
1155197236,PORCA CASTELO DA EMBREAGEM 14MM,600eef3c-5afd-43b1-9c8a-c8e42f8db265
1155197242,PORCA DE AJUSTE DE FREIO TRASEIRO,ab3b49a7-2c9a-4434-86da-d602e241041c
1155197248,PORCA DO ACIONAMENTO INTERNO DA EMBREAGEM 14MM,dde488a8-6c13-446d-a679-e1f202240257
1155197255,PORCA EIXO RODA DIANTEIRO / GARFO TRASEIRO  ,dde488a8-6c13-446d-a679-e1f202240076
1155197261,PORCA ESPECIAL ROSCA ESQUERDA DO FILTRO CENTRIFUGO,d701ae68-678a-4f92-badc-96f02e6ef790
1155197267,PORCA ESTICADOR DE CORRENTE,75dffb8d-5bfd-43fd-858b-27ab1b249195
1155197274,PORCA ESTRIBO / PISCA HEXADECIMAL M10,dde488a8-6c13-446d-a679-e1f202240039
1155197279,PORCA FIXACAO LANTERNA TRASEIRA,c5a3852f-d6b5-49da-ba11-4abe408d0efe
1155197285,PORCA FIXACAO TANQUE,7f253ea6-edb7-4d2a-b7b1-09685a8f5608
1155197292,PORCA FLANG PARL. M8X1.2 T=12 ZB,dde488a8-6c13-446d-a679-e1f202220326
1155197299,PORCA HEXADECIMAL M5,95ee3c84-15d0-41c2-9573-777b91c1bb01
1155197305,PORCA HEXADECIMAL M8 DO ESTRIBO,dde488a8-6c13-446d-a679-e1f202240041
1155197312,PORCA MOLA DA LANTERNA,dde488a8-6c13-446d-a679-e1f202240032
1155197323,PORCA PARLOCK AUTOTRAVANTE NYLON M5 ZP,c97a3131-ec53-4e94-b563-8778dce1dcfa
1155197328,PORCA PARLOCK SX FL 12MM,dde488a8-6c13-446d-a679-e1f202210402
1155197335,PORCA SEXT M10X8 ZNB,dde488a8-6c13-446d-a679-e1f202220327
1155197342,PORCA SEXTAVADA DO CAME DA FLANGE COROA M18,dde488a8-6c13-446d-a679-e1f202220328
1155197348,PORCA SUPERIOR TRAVA DA COLUNA DIRECAO,dde488a8-6c13-446d-a679-e1f202240059
1155197352,PORCA SUSPENSAO DIANTEIRO,9d666102-b441-46b0-9b66-b38e09b2a2c7
1155197358,PORCA SX FL M10x1.25,dde488a8-6c13-446d-a679-e1f202240047
1155197363,PORCA SX FL PARLOCK 6MM,dde488a8-6c13-446d-a679-e1f202240072
1155197366,PRATO DE MOLAS DA EMBREAGEM,2c6a0de7-50da-423c-a210-1abd3d939ef7
1155197371,PRESILHA DA CARENAGEM TRASEIRA,46ccf332-8a98-407e-a77e-393579e26260
1155197378,PRESILHA DA COROA CORRENTE DE COMANDO,dde488a8-6c13-446d-a679-e1f202220329
1155197382,PRESILHA DA MANGUEIRA DE RESPIRO DO FILTRO DE AR,cd575242-1f12-4d2c-a7c7-5dcd995ec24c
1155197387,PRESILHA DO PARA-LAMA DIANTEIRO,dde488a8-6c13-446d-a679-e1f202220331
1155197389,PRESILHA NO.1,dde488a8-6c13-446d-a679-e1f202220051
1155197394,PRESILHA PEQUENA 13MM,4338e74c-0b0a-448f-a71a-258a81e42e80
1155197400,PRIMEIRA ENGRENAGEM DA ARVORE SECUNDARIA,dde488a8-6c13-446d-a679-e1f202220332
1155197406,PROTETOR DA MOLA DO CABO FREIO DE BORRACHA,50014def-8a80-4ce2-bd12-c472a01bff44
1155197411,PROTETOR DE ACO DO ESCAPAMENTO (CROMADO),84ed6427-1fc0-4c99-b8d0-160b34b8d4d4
1155197419,PROTETOR DE ACO DO ESCAPAMENTO (PRETO),4603e5f6-aa83-465f-b629-4698c3a66586
1155197425,PROTETOR DE POEIRA INFERIOR DA COLUNA DE DIRECAO,dde488a8-6c13-446d-a679-e1f202220333
1155197432,PROTETOR DO ESCAPAMENTO FRONTAL,1371aeb6-c51c-4672-875d-8f0d67985681
1155197439,PROTETOR DO ESCAPAMENTO NACIONAL,73641c39-77ed-4d59-9e4b-f57233b5c2c5
1155197443,PULSEIRA IDENTIFICACAO MINHA MOTTU,191ac5d0-33bb-46d7-b575-736c5960ffbf
1155197452,PUNHO DE LUZ LADO DIREITO,1d85724e-37cb-437a-ba0f-33b43ff0f8ba
1155197456,PUNHO DE LUZ LADO ESQUERDO,dde488a8-6c13-446d-a679-e1f202220264
1155197465,QUARTA ENGRENAGEM DA ARVORE PRIMARIA,dde488a8-6c13-446d-a679-e1f202220340
1155197472,QUARTA ENGRENAGEM DA ARVORE SECUNDARIA,d5193deb-a026-4127-92e8-ca9aa70638cb
1155197478,RABETA CENTRAL,9d568021-3686-499e-ab95-dbd02fc94b1f
1155197484,RABETA TRASEIRA DIREITA,30a498f2-e2d8-4ecc-898d-1783486dd554
1155197490,RABETA TRASEIRA ESQUERDO,a0f62a35-ad70-4df9-8515-27ca2884f633
1155197498,RASTREADOR IOT,6625317e-54a5-4102-837e-06c3ab576f1d
1155197505,REBITE VERDE,b075e473-4efa-43e6-a677-0d5000dada61
1155197513,REFLETOR REDONDO PARALAMA DIANTEIRO (OLHO DE GATO),c1939593-1e8f-4133-b497-97d1950efaab
1155197519,REFLETOR TRASEIRO (OLHO DE GATO),addcb124-1d2a-4307-a043-95550bbc636d
1155197524,REFORCO SUPORTE MOTOR - CHASSI,2648b09b-8eda-4d0d-aa8b-c2683e2e247a
1155197529,REGULADOR DO CABO DO FREIO DE ACO,dde488a8-6c13-446d-a679-e1f202220342
1155197534,REGULADOR E RETIFICADOR --1,bf8a48ce-0e96-472b-b202-cf3f62dbd945
1155197540,REGULADOR PRESSAO ARGONIO,e73cb7c7-2d1d-4734-be7a-a861f69d6d05
1155197544,REGULADOR PRESSAO FAMABRAS MOD RI,2e9464a9-00f7-4f40-8794-d60ba878e0a5
1155197550,RELE CONTROLADOR T=12V,497c772e-388f-4950-a308-04bd6e1eff74
1155197552,RELE DE PARTIDA - RTR ABS,d784a7e4-53a9-4fc6-8272-1bc0dd25095c
1155197555,RELE DO PISCA,dde488a8-6c13-446d-a679-e1f202220346
1155197561,REPARO PARA PNEU RT-03 (UNITARIO),a35a3ee4-c22b-4d21-a2aa-eaa2351723c7
1155197565,RESPIRO DA TUBULACAO DE OLEO,dde488a8-6c13-446d-a679-e1f202220347
1155197569,RETENTOR DA COLUNA DIR,dde488a8-6c13-446d-a679-e1f202220352
1155197573,RETENTOR DA MOLA DA VALVULA,dde488a8-6c13-446d-a679-e1f202220354
1155197577,RETENTOR DA TAMPA EMBREAGEM 12X18X4,88b6eed7-765a-4660-87fa-491b9c0ffdef
1155197581,RETENTOR DE BORRACHA DO GARFO DA SUSPENSAO DIANT,dde488a8-6c13-446d-a679-e1f202220355
1155197587,RETENTOR DE OLEO DA VALVULA,dde488a8-6c13-446d-a679-e1f202210533
1155197589,RETENTOR DO AMORTECEDOR DIANTEIRO 42X30X11,dde488a8-6c13-446d-a679-e1f202220357
1155197598,RETENTOR DO EIXO DE PEDAL DE CAMBIO 12X22X7,dde488a8-6c13-446d-a679-e1f202220358
1155197603,RETENTOR DO PEDAL PARTIDA,b8deba96-8be3-4989-975d-c09c6f9cb35e
1155197609,RETENTOR DO PINHAO,dde488a8-6c13-446d-a679-e1f202240081
1155197616,RETIFICADOR DE VOLTAGEM T=12V,dde488a8-6c13-446d-a679-e1f202220359
1155197623,RODA DIANTEIRA,96861b59-92b0-4bcb-8cfa-d91508f769ec
1155197628,RODA DIANTEIRA COMPLETA,e8e86582-bb28-4073-8888-b6116b4bbd48
1155197635,RODA DIANTEIRA SEM PNEU,299bb8e5-f23b-410b-b9dd-c60922128d0a
1155197640,RODA TRASEIRA COMPLETA,650b544d-15f8-4ceb-8d50-961df7ae09e3
1155197643,RODA TRASEIRA SEM PNEU,dde488a8-6c13-446d-a679-e1f202220365
1155197648,ROLAMENTO 6201 - MOTOR (FOLGA C3),dde488a8-6c13-446d-a679-e1f202240278
1155197653,ROLAMENTO ACIONADOR DA EMBREAGEM ESFERA 12X28X8,dde488a8-6c13-446d-a679-e1f202240016
1155197658,ROLAMENTO DA RODA TRASEIRA 6301,9c780efb-3b02-42a7-aa01-40fa66dd586d
1155197664,ROLAMENTO DE AGULHA HK2016,f2d64b89-977e-4e34-95e6-a9910ee0062c
1155197671,ROLAMENTO DO COMANDO DE VALVULA 15x32x9 C3 6002Z,e04cbc4d-17f0-4edb-8640-1867d0cce998
1155197676,ROLAMENTO DO COMANDO DE VALVULA 17*35*10 C3H 6003,3aaaf4d7-baf6-4555-962e-571ae57eac8c
1155197683,ROLAMENTO DO VIRABREQUIM 25X52X15,ec94df5e-4369-4456-8bf6-f8b936fdfe8f
1155197688,ROLAMENTO ESFERA CILIND RADIAL 20X42X12 C3 6004 RS1,dde488a8-6c13-446d-a679-e1f202220367
1155197693,ROLAMENTO ESFERA RADIAL CILIND CARCACA DO MOTOR 6203,dde488a8-6c13-446d-a679-e1f202220369
1155197702,ROSCA POSTICA 17mm,271c4b73-23a8-4bcd-982a-b945d3295610
1155197708,ROSCA POSTICA 22MM,6edbedcb-596b-43aa-b251-0a386de03e62
1155197712,ROSCA POSTICA M6X100 - M8X125 COMP 15MM,b4d759dc-cd0e-4a29-8373-eabddf375149
1155197716,ROSCA POSTICA M8x125 - M10x125 15MM,707a8a95-e3c8-471d-85fa-983313a4cf9f
1155197723,ROSCA POSTICA M8x125 - M10x125 20MM,cc72b34e-5ca3-4583-ac84-3b57275267cc
1155197727,SEGUNDA ENGRENAGEM DA ARVORE PRIMARIA,63e9cf61-4a1f-4de7-9b9a-9fcdb2a5ad47
1155197733,SEGUNDA ENGRENAGEM DA ARVORE SECUNDARIA,dde488a8-6c13-446d-a679-e1f202220393
1155197744,SENSOR DE CARENAGEM (REED SWITCH LADO COM FIO),d548506a-a882-49a7-b0a6-22bef859ec88
1155197749,SENSOR DE CARENAGEM COMPLETO,a7fbc480-da5f-4b32-a2c1-eebdf8ae83f7
1155197755,SENSOR DE OXIGENIO,50878423-6ad5-4015-b979-947522cfcc63
1155197759,SENSOR DE TEMPERATURA,dde488a8-6c13-446d-a679-e1f202220394
1155197762,SENSOR DE VELOCIDADE PHOENIX,a4a8a93b-b613-4c93-a92e-65b5bbca99a3
1155197766,SENSOR DO NEUTRO,dde488a8-6c13-446d-a679-e1f202220117
1155197771,SLIDER PROTECAO MOTOR,8c4a0bb0-bd76-4de0-a9c8-ceba43337da3
1155197776,SOLENOIDE DO CORPO DE INJECAO,3cd7d78b-3ab5-4b1e-9c9e-d1de9dea257b
1155197783,SPRAY FOS BRANCO USO GERAL 350 ML  TEKBOND,4eb0b50e-470e-4eb2-900a-f3cc63de43c0
1155197788,SPRAY FOS VERDE FLUORESCENTE 350 ML  TEKBOND,230549b3-d891-4889-8cb3-390db8080655
1155197794,SPRAY PRATA,b546adde-33b9-414c-abff-0064cee4c298
1155197802,SPRAY PRETO,06855edd-9ec4-4dfd-8a61-8d3d997cc8bf
1155197808,SPRAY PRETO ALTA TEMPERATURA,75b796ba-149f-4e96-be80-23ece8b2795a
1155197815,SPRAY PRETO FOSCO,7a654a49-b12c-454b-a6e8-9f3bb77a7011
1155197822,SPRAY VERDE,fd30ef28-b462-4f9d-8b87-80af5d0415f2
1155197828,SPRAY VERMELHO,9a93d0cd-6cd0-4e08-aa16-ce52532dce04
1155197835,SUBCONJUNTO DO BLOCO DO CARTER M L,970fde47-acf7-44d7-b6d2-877339fa868d
1155197842,SUPORTE DA UNIDADE ECU,ce94fee3-ed04-4818-9d9f-c521b1636cf3
1155197847,SUPORTE DA VALVULA DE COMBUSTIVEL,dde488a8-6c13-446d-a679-e1f202220396
1155197854,SUPORTE DE ACO DE FIXACAO DA BOMBA DE COMBUSTIVEL,dde488a8-6c13-446d-a679-e1f202220397
1155197861,SUPORTE DE ACO DE FIXACAO DA CARENAGEM DO FAROL,dde488a8-6c13-446d-a679-e1f202220399
1155197869,SUPORTE DE ACO DO CABO DA EMBREAGEM,dde488a8-6c13-446d-a679-e1f202220400
1155197874,SUPORTE DE ACO DO PARA-LAMA DIANTEIRO,ca48f6dc-0e31-49c6-bfee-8142641a4a22
1155197879,SUPORTE DE ACO DO SENDOR STOP DE FREIO,81d4f191-326b-4424-8d61-68e7a47b0ccf
1155197886,SUPORTE DE ALUMINIO SUPERIOR DE FIXACAO DO GUIDAO,42e8d669-7339-41e5-a246-a16eafa2d746
1155197901,SUPORTE DE CELULAR,607a8161-72d8-438a-9511-9a0e4e9bd9a6
1155197909,SUPORTE DE PLACA UNIVERSAL METALICO,1ba09c33-4b47-4678-9fb2-958537dbd637
1155197916,SUPORTE DO BAU PARA RESGATE,97f4adef-d8ec-4882-8442-e600133da9f4
1155197922,SUPORTE DO PEDAL DE FREIO,cf0bec09-0170-4527-8d4b-09010919e178
1155197928,SUPORTE FRONTAL DE ACO DE FIXACAO DO MOTOR,dde488a8-6c13-446d-a679-e1f202240018
1155197935,SUPORTE FRONTAL MOTOR,dde488a8-6c13-446d-a679-e1f202240014
1155197941,SUPORTE INFERIOR DE FIXACAO DA CARENAGEM DO FAROL,43827f97-1064-4e33-89b0-bce826d3dbe2
1155197947,SUPORTE INFERIOR DE FIXACAO DO GUIDAO,b4af7b0f-de5c-499b-b4de-40844ecd7205
1155197952,SUPORTE LANTERNA TRASEIRA,b6af7db3-3856-4429-9fc6-49c4100c7bf7
1155197958,SUPORTE METALICO DA FIACAO DO ESTATOR MAGNETO,dde488a8-6c13-446d-a679-e1f202220267
1155197962,SUPORTE PAINEL DE INSTRUMENTOS,05e29297-2e1f-4029-b34e-004581084f84
1155197968,SUPORTE PRINCIPAL DE ACO DE FIXACAO DO FAROL E CARENAGEM,29328da7-ea16-44a5-b59c-2fa30ce16265
1155197975,SWITCH DE EMBREAGEM,f0443502-4889-4703-a159-e4f6e8c96aa6
1155197981,TAMPA BORRACHA CAPA CORRENTE ,c9e5f625-ba2d-4f3e-992d-c9b1f5ce0539
1155197986,TAMPA DA EMBREAGEM,a745ac13-6efc-4b92-97ad-f1cd01cb2dd4
1155197995,TAMPA DE INSPECAO,dde488a8-6c13-446d-a679-e1f202220372
1155198001,TAMPA DE INSPECAO DE VALVULA,dde488a8-6c13-446d-a679-e1f202240020
1155198009,TAMPA DO CABECOTE,99e144eb-fb63-4cad-836e-b03b9e5f82bd
1155198015,TAMPA DO EIXO CONICO,dde488a8-6c13-446d-a679-e1f202220375
1155198021,TAMPA DO ESTATOR,3ec241cb-f25c-4c0d-8fec-2b119d06220f
1155198027,TAMPA DO FILTRO CENTRIFUGO,dde488a8-6c13-446d-a679-e1f202240026
1155198036,TAMPA DO PINHAO,dde488a8-6c13-446d-a679-e1f202220374
1155198044,TAMPA DO TANQUE DE COMBUSTIVEL,bd66d118-e3c7-4776-8f08-d108aa8a9030
1155198051,TAMPA FILTRO DE AR,5f61199a-26ee-4d9a-ae90-d78a4006e175
1155198059,TANQUE DE COMBUSTIVEL PRETO - Mottu Sport,dde488a8-6c13-446d-a679-e1f202220378
1155198074,TERCEIRA ENGRENAGEM DA ARVORE SECUNDARIA,dde488a8-6c13-446d-a679-e1f202220379
1155198083,TERCEIRA ENGRENAGEMARVORE PRIMARIA,dde488a8-6c13-446d-a679-e1f202220380
1155198087,TERMINAL OLHAL,693e1f1a-d973-4c86-b80d-7143d02e17cb
1155198095,TRAMBULADOR DO EIXO SELETOR DE MARCHA,c0e74142-c4df-41ba-b52e-d0c3f50992de
1155198102,TRAVA DA BATERIA,1efaacd4-47ce-4af1-8aac-9553968985b3
1155198110,TRAVA DA BATERIA,dde488a8-6c13-446d-a679-e1f202240024
1155198119,TRAVA DO ASSENTO,dde488a8-6c13-446d-a679-e1f202220382
1155198126,TRAVA DO EIXO DOS GARFOS DE MARCHAS,dde488a8-6c13-446d-a679-e1f202220383
1155198134,TRAVA DO PIAO ENGRENAGEM VELO ,dde488a8-6c13-446d-a679-e1f202240071
1155198144,TRAVA EIXO DE PARTIDA,dde488a8-6c13-446d-a679-e1f202240023
1155198152,TRAVA EIXO SEGUNDARIO / BUCHA EIXO DE PARTIDA,504b2cc4-71c8-4735-ba04-4cee4c6f3ff8
1155198163,TRAVA PINO FILTRO CENTRIFUGO,6c2c3d3a-1072-4ab6-938c-8a8b0a512523
1155198172,TRAVA QUIMICA AT 115,afe6c828-5ceb-4b11-859a-4a2e525d6a72
1155198189,TRAVA QUIMICA AT 118,c687b5c1-e255-4037-9a79-28dacb8ecf7e
1155198198,TRAVA QUIMICA AT 128,7630785b-440d-4b21-821a-85118eefe1ef
1155198205,TRAVA ROSCA,714518ac-9918-426c-aabb-0682affc846e
1155198212,TUBO (MANGUEIRA) BORRACHA S/ REFORCO S ACESSORIO DO DRENO CA,dde488a8-6c13-446d-a679-e1f202220385
1155198222,TUBO BORRACHA DO CANISTER S REFORC S ACESSORIO PR=1MPA (VALVULA/TANQUE)],c3b7d5cb-cb04-4e4e-9b04-26eabea7653c
1155198232,TUBO DE ADMISSAO DA BOMBA DE OLEO,ee37c7cd-9915-4bf2-83ca-e7fe70a59b59
1155198242,TUBO DRENO DE SAIDA EFI 1,dde488a8-6c13-446d-a679-e1f202220390
1155198251,TUBO EXTERNO DIREITO ES (CANELA),65b171c6-7662-484c-854b-1aded723172a
1155198259,TUBO EXTERNO ESQUERDO ES (CANELA),4e5ecc15-8c61-4a71-a917-773d5a18d875
1155198266,TUBO FLAUTA SUSPENSAO DIANTEIRO,e4313682-b98b-4df0-96ef-9adacc2b9bb8
1155198274,TUBO MANGUEIRA BORRACHA,414ff0f4-dac7-4f56-ba03-b350f9f0975f
1155198283,TUBO PLASTICO FILTRO CENTRIFUGO,3adca04e-7e7e-4c25-bc20-fa49d33051da
1155198303,TUBO/MANGUEIRA A DA VALVULA DE PURGA,dde488a8-6c13-446d-a679-e1f202240045
1155198313,TUBO/MANGUEIRA B DA VALVULA DE PURGA,dde488a8-6c13-446d-a679-e1f202220389
1155198320,TUNGSTENIO PURO 2.4MM VERDE,33d5108f-f110-4f27-bb94-d8479f7606e5
1155198329,UNIDADE BASE DA ECU,b2ddda9a-addb-466c-9561-7d482ed0f676
1155198338,VALVULA DE ACO DE ADMISSAO DO MOTOR,dde488a8-6c13-446d-a679-e1f202240078
1155198348,VALVULA DE COMBUSTIVEL,be377cc0-c2bc-4466-a8d7-5a657f539c57
1155198356,VALVULA DE ESCAPE,ce3dbb4f-1373-4280-b6ce-0bb9040bdc3a
1155198364,VALVULA DE PRESSAO,28fb7688-150b-40d0-b07c-0364c1deb3ad
1155198368,VALVULA ESFERA 12X12,cc3e883f-1aab-41f1-8c98-1733f8156fe0
1155198375,VALVULA PURGA DO CANISTER SOLENOIDE,78435a55-e160-456a-9a43-c0b9212f33c1
1155198383,VARETA NIVEL DE OLEO DO MOTOR,a12f374f-7628-455a-814e-fe97d012aea9
1155198390,VEDACAO HT CORD,8b95d340-8d95-4f53-8c87-a0f50b508f64
1155198397,VELA DE IGNICAO BS4,c32d9257-929d-4d9a-99ce-88f9a6b8eb6e
1155198408,VIRABREQUIM DO MOTOR P=2.080 KG C=2235 MM,be5a455f-bb48-469a-9cc1-d5eb618dc415
1155198420,VULCANITE 1KG,5bc39817-7564-45c8-9f99-c772840a4e4c
1158405214,"RODA DIANTEIRA - Mottu Sport - ESD
","96861b59-92b0-4bcb-8cfa-d91508f769ec
"
1158407084,MANETE DO FREIO,"6b6e4d89-22b8-44ac-b079-89b2bdee1310
"
1158408596,CONJUNTO DA PINA,"ec03dd94-cd2d-4074-9114-59157362af49
"
1158410547,"MANGUEIRA DO FREIO A DISCO DIANTEIRO
","460e3ec7-e1df-46a9-83de-f75a0aeb4d69
"
1158411437,"DISCO DE FREIO
","5d665647-a066-4296-a2bc-e98cf064a9a3
"
1158412304,"CONJUNTO DO CILINDRO MESTRE DIANTEIRO
","47176316-9745-46ca-a5a0-4518c704d8fc
"
1161132883,"FLUIDO DE FREIO ESD 200ML
","f6a027bc-bbee-432f-ad62-309298c13547
"
